CREATE TABLE pokemon (
	pokedex_id INTEGER PRIMARY KEY,
	name TEXT NOT NULL UNIQUE,
	type1 TEXT NOT NULL,
	type2 TEXT,
	bst INTEGER NOT NULL,
	hit_points INTEGER NOT NULL,
	attack INTEGER NOT NULL,
	special_attack INTEGER NOT NULL,
	defense INTEGER NOT NULL,
	special_defense INTEGER NOT NULL,
	speed INTEGER NOT NULL
);

CREATE TABLE moves (
	name TEXT PRIMARY KEY,
	physical BOOLEAN NOT NULL,
	moveType TEXT NOT NULL,
	pow INTEGER,
	hit_chance INTEGER,
	description TEXT,
	power_points INTEGER
);

CREATE TABLE canlearn (
	pokemon_name TEXT NOT NULL,
	move TEXT,
	PRIMARY KEY (pokemon_id, move),
	FOREIGN KEY (pokemon_id) REFERENCES pokemon(pokedex_id),
	FOREIGN KEY (move) REFERENCES moves(name)
);

CREATE TABLE specificpokemon (
	pokemon_id INTEGER PRIMARY KEY,
	pokedex_id INTEGER,
	move1 TEXT,
	move2 TEXT,
	move3 TEXT,
	move4 TEXT,
	FOREIGN KEY (pokedex_id) REFERENCES pokemon(pokedex_id),
	FOREIGN KEY (move1) REFERENCES moves(name),
	FOREIGN KEY (move2) REFERENCES moves(name),
	FOREIGN KEY (move3) REFERENCES moves(name),
	FOREIGN KEY (move4) REFERENCES moves(name)
);

CREATE TABLE team (
	teamid INTEGER PRIMARY KEY,
	poke1 INTEGER,
	poke2 INTEGER,
	poke3 INTEGER,
	poke4 INTEGER,
	poke5 INTEGER,
	poke6 INTEGER,
	FOREIGN KEY (poke1) REFERENCES specificpokemon(pokemon_id),
	FOREIGN KEY (poke2) REFERENCES specificpokemon(pokemon_id),
	FOREIGN KEY (poke3) REFERENCES specificpokemon(pokemon_id),
	FOREIGN KEY (poke4) REFERENCES specificpokemon(pokemon_id),
	FOREIGN KEY (poke5) REFERENCES specificpokemon(pokemon_id),
	FOREIGN KEY (poke6) REFERENCES specificpokemon(pokemon_id)
);

CREATE TABLE types (
	typename TEXT PRIMARY KEY
);

CREATE TABLE typeeffective (
	attackingtype TEXT,
	defendingtype TEXT,
	damagemultiplier INTEGER NOT NULL,
	PRIMARY KEY (attackingtype, defendingtype),
	FOREIGN KEY (attackingtype) REFERENCES types(typename),
	FOREIGN KEY (defendingtype) REFERENCES types(typename)
);


INSERT INTO pokemon (pokedex_id, name, type1, type2, bst, hit_points, attack, special_attack, defense, special_defense, speed) VALUES
(1,'Bulbasaur','Grass','Poison',318,45,49,65,49,65,45),
(2,'Ivysaur','Grass','Poison',405,60,62,80,63,80,60),
(3,'Venusaur','Grass','Poison',525,80,82,100,83,100,80),
(4,'Charmander','Fire',NULL,309,39,52,60,43,50,65),
(5,'Charmeleon','Fire',NULL,405,58,64,80,58,65,80),
(6,'Charizard','Fire','Flying',534,78,84,109,78,85,100),
(7,'Squirtle','Water',NULL,314,44,48,50,65,64,43),
(8,'Wartortle','Water',NULL,405,59,63,65,80,80,58),
(9,'Blastoise','Water',NULL,530,79,83,85,100,105,78),
(10,'Caterpie','Bug',NULL,195,45,30,20,35,20,45),
(11,'Metapod','Bug',NULL,205,50,20,25,55,25,30),
(12,'Butterfree','Bug','Flying',395,60,45,90,50,80,70),
(13,'Weedle','Bug','Poison',195,40,35,20,30,20,50),
(14,'Kakuna','Bug','Poison',205,45,25,25,50,25,35),
(15,'Beedrill','Bug','Poison',395,65,90,45,40,80,75),
(16,'Pidgey','Normal','Flying',251,40,45,35,40,35,56),
(17,'Pidgeotto','Normal','Flying',349,63,60,50,55,50,71),
(18,'Pidgeot','Normal','Flying',479,83,80,70,75,70,101),
(19,'Rattata','Normal',NULL,253,30,56,25,35,35,72),
(20,'Raticate','Normal',NULL,413,55,81,50,60,70,97),
(21,'Spearow','Normal','Flying',262,40,60,31,30,31,70),
(22,'Fearow','Normal','Flying',442,65,90,61,65,61,100),
(23,'Ekans','Poison',NULL,288,35,60,40,44,54,55),
(24,'Arbok','Poison',NULL,448,60,95,65,69,79,80),
(25,'Pikachu','Electric',NULL,320,35,55,50,40,50,90),
(26,'Raichu','Electric',NULL,485,60,90,90,55,80,110),
(27,'Sandshrew','Ground',NULL,300,50,75,20,85,30,40),
(28,'Sandslash','Ground',NULL,450,75,100,45,110,55,65),
(29,'Nidoran♀','Poison',NULL,275,55,47,40,52,40,41),
(30,'Nidorina','Poison',NULL,365,70,62,55,67,55,56),
(31,'Nidoqueen','Poison','Ground',505,90,92,75,87,85,76),
(32,'Nidoran♂','Poison',NULL,273,46,57,40,40,40,50),
(33,'Nidorino','Poison',NULL,365,61,72,55,57,55,65),
(34,'Nidoking','Poison','Ground',505,81,102,85,77,75,85),
(35,'Clefairy','Fairy',NULL,323,70,45,60,48,65,35),
(36,'Clefable','Fairy',NULL,483,95,70,95,73,90,60),
(37,'Vulpix','Fire',NULL,299,38,41,50,40,65,65),
(38,'Ninetales','Fire',NULL,505,73,76,81,75,100,100),
(39,'Jigglypuff','Normal','Fairy',270,115,45,45,20,25,20),
(40,'Wigglytuff','Normal','Fairy',435,140,70,85,45,50,45),
(41,'Zubat','Poison','Flying',245,40,45,30,35,40,55),
(42,'Golbat','Poison','Flying',455,75,80,65,70,75,90),
(43,'Oddish','Grass','Poison',320,45,50,75,55,65,30),
(44,'Gloom','Grass','Poison',395,60,65,85,70,75,40),
(45,'Vileplume','Grass','Poison',490,75,80,110,85,90,50),
(46,'Paras','Bug','Grass',285,35,70,45,55,55,25),
(47,'Parasect','Bug','Grass',405,60,95,60,80,80,30),
(48,'Venonat','Bug','Poison',305,60,55,40,50,55,45),
(49,'Venomoth','Bug','Poison',450,70,65,90,60,75,90),
(50,'Diglett','Ground',NULL,265,10,55,35,25,45,95),
(51,'Dugtrio','Ground',NULL,425,35,100,50,50,70,120),
(52,'Meowth','Normal',NULL,290,40,45,40,35,40,90),
(53,'Persian','Normal',NULL,440,65,70,65,60,65,115),
(54,'Psyduck','Water',NULL,320,50,52,65,48,50,55),
(55,'Golduck','Water',NULL,500,80,82,95,78,80,85),
(56,'Mankey','Fighting',NULL,305,40,80,35,35,45,70),
(57,'Primeape','Fighting',NULL,455,65,105,60,60,70,95),
(58,'Growlithe','Fire',NULL,350,55,70,70,45,50,60),
(59,'Arcanine','Fire',NULL,555,90,110,100,80,80,95),
(60,'Poliwag','Water',NULL,300,40,50,40,40,40,90),
(61,'Poliwhirl','Water',NULL,385,65,65,50,65,50,90),
(62,'Poliwrath','Water','Fighting',510,90,95,70,95,90,70),
(63,'Abra','Psychic',NULL,310,25,20,105,15,55,90),
(64,'Kadabra','Psychic',NULL,400,40,35,120,30,70,105),
(65,'Alakazam','Psychic',NULL,500,55,50,135,45,95,120),
(66,'Machop','Fighting',NULL,305,70,80,35,50,35,35),
(67,'Machoke','Fighting',NULL,405,80,100,50,70,60,45),
(68,'Machamp','Fighting',NULL,505,90,130,65,80,85,55),
(69,'Bellsprout','Grass','Poison',300,50,75,70,35,30,40),
(70,'Weepinbell','Grass','Poison',390,65,90,85,50,45,55),
(71,'Victreebel','Grass','Poison',490,80,105,100,65,70,70),
(72,'Tentacool','Water','Poison',335,40,40,50,35,100,70),
(73,'Tentacruel','Water','Poison',515,80,70,80,65,120,100),
(74,'Geodude','Rock','Ground',300,40,80,30,100,30,20),
(75,'Graveler','Rock','Ground',390,55,95,45,115,45,35),
(76,'Golem','Rock','Ground',495,80,120,55,130,65,45),
(77,'Ponyta','Fire',NULL,410,50,85,65,55,65,90),
(78,'Rapidash','Fire',NULL,500,65,100,80,70,80,105),
(79,'Slowpoke','Water','Psychic',315,90,65,40,65,40,15),
(80,'Slowbro','Water','Psychic',490,95,75,100,110,80,30),
(81,'Magnemite','Electric','Steel',325,25,35,95,70,55,45),
(82,'Magneton','Electric','Steel',465,50,60,120,95,70,70),
(83,'Farfetch''d','Normal','Flying',377,52,90,58,55,62,60),
(84,'Doduo','Normal','Flying',310,35,85,35,45,35,75),
(85,'Dodrio','Normal','Flying',470,60,110,60,70,60,110),
(86,'Seel','Water',NULL,325,65,45,45,55,70,45),
(87,'Dewgong','Water','Ice',475,90,70,70,80,95,70),
(88,'Grimer','Poison',NULL,325,80,80,40,50,50,25),
(89,'Muk','Poison',NULL,500,105,105,65,75,100,50),
(90,'Shellder','Water',NULL,305,30,65,45,100,25,40),
(91,'Cloyster','Water','Ice',525,50,95,85,180,45,70),
(92,'Gastly','Ghost','Poison',310,30,35,100,30,35,80),
(93,'Haunter','Ghost','Poison',405,45,50,115,45,55,95),
(94,'Gengar','Ghost','Poison',500,60,65,130,60,75,110),
(95,'Onix','Rock','Ground',385,35,45,30,160,45,70),
(96,'Drowzee','Psychic',NULL,328,60,48,43,45,90,42),
(97,'Hypno','Psychic',NULL,483,85,73,73,70,115,67),
(98,'Krabby','Water',NULL,325,30,105,25,90,25,50),
(99,'Kingler','Water',NULL,475,55,130,50,115,50,75),
(100,'Voltorb','Electric',NULL,330,40,30,55,50,55,100),
(101,'Electrode','Electric',NULL,490,60,50,80,70,80,150),
(102,'Exeggcute','Grass','Psychic',325,60,40,60,80,45,40),
(103,'Exeggutor','Grass','Psychic',530,95,95,125,85,75,55),
(104,'Cubone','Ground',NULL,320,50,50,40,95,50,35),
(105,'Marowak','Ground',NULL,425,60,80,50,110,80,45),
(106,'Hitmonlee','Fighting',NULL,455,50,120,35,53,110,87),
(107,'Hitmonchan','Fighting',NULL,455,50,105,35,79,110,76),
(108,'Lickitung','Normal',NULL,385,90,55,60,75,75,30),
(109,'Koffing','Poison',NULL,340,40,65,60,95,45,35),
(110,'Weezing','Poison',NULL,490,65,90,85,120,70,60),
(111,'Rhyhorn','Ground','Rock',345,80,85,30,95,30,25),
(112,'Rhydon','Ground','Rock',485,105,130,45,120,45,40),
(113,'Chansey','Normal',NULL,450,250,5,35,5,105,50),
(114,'Tangela','Grass',NULL,435,65,55,100,115,40,60),
(115,'Kangaskhan','Normal',NULL,490,105,95,40,80,80,90),
(116,'Horsea','Water',NULL,295,30,40,70,70,25,60),
(117,'Seadra','Water',NULL,440,55,65,95,95,45,85),
(118,'Goldeen','Water',NULL,320,45,67,35,60,50,63),
(119,'Seaking','Water',NULL,450,80,92,65,65,80,68),
(120,'Staryu','Water',NULL,340,30,45,70,55,55,85),
(121,'Starmie','Water','Psychic',520,60,75,100,85,85,115),
(122,'Mr. Mime','Psychic','Fairy',460,40,45,100,65,120,90),
(123,'Scyther','Bug','Flying',500,70,110,55,80,80,105),
(124,'Jynx','Ice','Psychic',455,65,50,115,35,95,95),
(125,'Electabuzz','Electric',NULL,490,65,83,95,57,85,105),
(126,'Magmar','Fire',NULL,495,65,95,100,57,85,93),
(127,'Pinsir','Bug',NULL,500,65,125,55,100,70,85),
(128,'Tauros','Normal',NULL,490,75,100,40,95,70,110),
(129,'Magikarp','Water',NULL,200,20,10,15,55,20,80),
(130,'Gyarados','Water','Flying',540,95,125,60,79,100,81),
(131,'Lapras','Water','Ice',535,130,85,85,80,95,60),
(132,'Ditto','Normal',NULL,288,48,48,48,48,48,48),
(133,'Eevee','Normal',NULL,325,55,55,45,50,65,55),
(134,'Vaporeon','Water',NULL,525,130,65,110,60,95,65),
(135,'Jolteon','Electric',NULL,525,65,65,110,60,95,130),
(136,'Flareon','Fire',NULL,525,65,130,95,60,110,65),
(137,'Porygon','Normal',NULL,395,65,60,85,70,75,40),
(138,'Omanyte','Rock','Water',355,35,40,90,100,55,35),
(139,'Omastar','Rock','Water',495,70,60,115,125,70,55),
(140,'Kabuto','Rock','Water',355,30,80,55,90,45,55),
(141,'Kabutops','Rock','Water',495,60,115,65,105,70,80),
(142,'Aerodactyl','Rock','Flying',515,80,105,60,65,75,130),
(143,'Snorlax','Normal',NULL,540,160,110,65,65,110,30),
(144,'Articuno','Ice','Flying',580,90,85,95,100,125,85),
(145,'Zapdos','Electric','Flying',580,90,90,125,85,90,100),
(146,'Moltres','Fire','Flying',580,90,100,125,90,85,90),
(147,'Dratini','Dragon',NULL,300,41,64,50,45,50,50),
(148,'Dragonair','Dragon',NULL,420,61,84,70,65,70,70),
(149,'Dragonite','Dragon','Flying',600,91,134,100,95,100,80),
(150,'Mewtwo','Psychic',NULL,680,106,110,154,90,90,130),
(151,'Mew','Psychic',NULL,600,100,100,100,100,100,100);

INSERT INTO moves (name, physical, moveType, pow, hit_chance, description, power_points) VALUES
('Absorb',FALSE,'Grass',20,'100','User recovers half the HP inflicted on opponent.',25),
('Acid',FALSE,'Poison',40,'100','May lower opponent''s Special Defense.',30),
('Acid Armor',FALSE,'Poison',NULL,NULL,'Sharply raises user''s Defense.',20),
('Agility',FALSE,'Psychic',NULL,NULL,'Sharply raises user''s Speed.',30),
('Amnesia',FALSE,'Psychic',NULL,NULL,'Sharply raises user''s Special Defense.',20),
('Aurora Beam',FALSE,'Ice',65,'100','May lower opponent''s Attack.',20),
('Barrage',TRUE,'Normal',15,'85','Hits 2-5 times in one turn.',20),
('Barrier',FALSE,'Psychic',NULL,NULL,'Sharply raises user''s Defense.',20),
('Bide',TRUE,'Normal',NULL,NULL,'User takes damage for two turns then strikes back double.',10),
('Bind',TRUE,'Normal',15,'85','Traps opponent, damaging them for 4-5 turns.',20),
('Bite',TRUE,'Dark',60,'100','May cause flinching.',25),
('Blizzard',FALSE,'Ice',110,'70','May freeze opponent.',5),
('Body Slam',TRUE,'Normal',85,'100','May paralyze opponent.',15),
('Bone Club',TRUE,'Ground',65,'85','May cause flinching.',20),
('Bonemerang',TRUE,'Ground',50,'90','Hits twice in one turn.',10),
('Bubble',FALSE,'Water',40,'100','May lower opponent''s Speed.',30),
('Bubble Beam',FALSE,'Water',65,'100','May lower opponent''s Speed.',20),
('Clamp',TRUE,'Water',35,'85','Traps opponent, damaging them for 4-5 turns.',15),
('Comet Punch',TRUE,'Normal',18,'85','Hits 2-5 times in one turn.',15),
('Confuse Ray',FALSE,'Ghost',NULL,'100','Confuses opponent.',10),
('Confusion',FALSE,'Psychic',50,'100','May confuse opponent.',25),
('Constrict',TRUE,'Normal',10,'100','May lower opponent''s Speed by one stage.',35),
('Conversion',FALSE,'Normal',NULL,NULL,'Changes user''s type to that of its first move.',30),
('Counter',TRUE,'Fighting',NULL,'100','When hit by a Physical Attack, user strikes back with 2x power.',20),
('Crabhammer',TRUE,'Water',100,'90','High critical hit ratio.',10),
('Cut',TRUE,'Normal',50,'95',NULL,30),
('Defense Curl',FALSE,'Normal',NULL,NULL,'Raises user''s Defense.',40),
('Dig',TRUE,'Ground',80,'100','Digs underground on first turn, attacks on second. Can also escape from caves.',10),
('Disable',FALSE,'Normal',NULL,'100','Opponent can''t use its last attack for a few turns.',20),
('Dizzy Punch',TRUE,'Normal',70,'100','May confuse opponent.',10),
('Double Kick',TRUE,'Fighting',30,'100','Hits twice in one turn.',30),
('Double Slap',TRUE,'Normal',15,'85','Hits 2-5 times in one turn.',10),
('Double Team',FALSE,'Normal',NULL,NULL,'Raises user''s Evasiveness.',15),
('Double-Edge',TRUE,'Normal',120,'100','User receives recoil damage.',15),
('Dragon Rage',FALSE,'Dragon',NULL,'100','Always inflicts 40 HP.',10),
('Dream Eater',FALSE,'Psychic',100,'100','User recovers half the HP inflicted on a sleeping opponent.',15),
('Drill Peck',TRUE,'Flying',80,'100',NULL,20),
('Earthquake',TRUE,'Ground',100,'100','Power is doubled if opponent is underground from using Dig.',10),
('Egg Bomb',TRUE,'Normal',100,'75',NULL,10),
('Ember',FALSE,'Fire',40,'100','May burn opponent.',25),
('Explosion',TRUE,'Normal',250,'100','User faints.',5),
('Fire Blast',FALSE,'Fire',110,'85','May burn opponent.',5),
('Fire Punch',TRUE,'Fire',75,'100','May burn opponent.',15),
('Fire Spin',FALSE,'Fire',35,'85','Traps opponent, damaging them for 4-5 turns.',15),
('Fissure',TRUE,'Ground',NULL,'30','One-Hit-KO, if it hits.',5),
('Flamethrower',FALSE,'Fire',90,'100','May burn opponent.',15),
('Flash',FALSE,'Normal',NULL,'100','Lowers opponent''s Accuracy.',20),
('Fly',TRUE,'Flying',90,'95','Flies up on first turn, attacks on second turn.',15),
('Focus Energy',FALSE,'Normal',NULL,NULL,'Increases critical hit ratio.',30),
('Fury Attack',TRUE,'Normal',15,'85','Hits 2-5 times in one turn.',20),
('Fury Swipes',TRUE,'Normal',18,'80','Hits 2-5 times in one turn.',15),
('Glare',FALSE,'Normal',NULL,'100','Paralyzes opponent.',30),
('Growl',FALSE,'Normal',NULL,'100','Lowers opponent''s Attack.',40),
('Growth',FALSE,'Normal',NULL,NULL,'Raises user''s Attack and Special Attack.',20),
('Guillotine',TRUE,'Normal',NULL,'30','One-Hit-KO, if it hits.',5),
('Gust',FALSE,'Flying',40,'100','Hits Pokémon using Fly/Bounce/Sky Drop with double power.',35),
('Harden',FALSE,'Normal',NULL,NULL,'Raises user''s Defense.',30),
('Haze',FALSE,'Ice',NULL,NULL,'Resets all stat changes.',30),
('Headbutt',TRUE,'Normal',70,'100','May cause flinching.',15),
('High Jump Kick',TRUE,'Fighting',130,'90','If it misses, the user loses half their HP.',10),
('Horn Attack',TRUE,'Normal',65,'100',NULL,25),
('Horn Drill',TRUE,'Normal',NULL,'30','One-Hit-KO, if it hits.',5),
('Hydro Pump',FALSE,'Water',110,'80',NULL,5),
('Hyper Beam',FALSE,'Normal',150,'90','User must recharge next turn.',5),
('Hyper Fang',TRUE,'Normal',80,'90','May cause flinching.',15),
('Hypnosis',FALSE,'Psychic',NULL,'60','Puts opponent to sleep.',20),
('Ice Beam',FALSE,'Ice',90,'100','May freeze opponent.',10),
('Ice Punch',TRUE,'Ice',75,'100','May freeze opponent.',15),
('Jump Kick',TRUE,'Fighting',100,'95','If it misses, the user loses half their HP.',10),
('Karate Chop',TRUE,'Fighting',50,'100','High critical hit ratio.',25),
('Kinesis',FALSE,'Psychic',NULL,'80','Lowers opponent''s Accuracy.',15),
('Leech Life',TRUE,'Bug',80,'100','User recovers half the HP inflicted on opponent.',10),
('Leech Seed',FALSE,'Grass',NULL,'90','Drains HP from opponent each turn.',10),
('Leer',FALSE,'Normal',NULL,'100','Lowers opponent''s Defense.',30),
('Lick',TRUE,'Ghost',30,'100','May paralyze opponent.',30),
('Light Screen',FALSE,'Psychic',NULL,NULL,'Halves damage from Special attacks for 5 turns.',30),
('Lovely Kiss',FALSE,'Normal',NULL,'75','Puts opponent to sleep.',10),
('Low Kick',TRUE,'Fighting',NULL,'100','The heavier the opponent, the stronger the attack.',20),
('Meditate',FALSE,'Psychic',NULL,NULL,'Raises user''s Attack.',40),
('Mega Drain',FALSE,'Grass',40,'100','User recovers half the HP inflicted on opponent.',15),
('Mega Kick',TRUE,'Normal',120,'75',NULL,5),
('Mega Punch',TRUE,'Normal',80,'85',NULL,20),
('Metronome',FALSE,'Normal',NULL,NULL,'User performs almost any move in the game at random.',10),
('Mimic',FALSE,'Normal',NULL,NULL,'Copies the opponent''s last move.',10),
('Minimize',FALSE,'Normal',NULL,NULL,'Sharply raises user''s Evasiveness.',10),
('Mirror Move',FALSE,'Flying',NULL,NULL,'User performs the opponent''s last move.',20),
('Mist',FALSE,'Ice',NULL,NULL,'User''s stats cannot be changed for a period of time.',30),
('Night Shade',FALSE,'Ghost',NULL,'100','Inflicts damage equal to user''s level.',15),
('Pay Day',TRUE,'Normal',40,'100','Money is earned after the battle.',20),
('Peck',TRUE,'Flying',35,'100',NULL,35),
('Petal Dance',FALSE,'Grass',120,'100','User attacks for 2-3 turns but then becomes confused.',10),
('Pin Missile',TRUE,'Bug',25,'95','Hits 2-5 times in one turn.',20),
('Poison Gas',FALSE,'Poison',NULL,'90','Poisons opponent.',40),
('Poison Powder',FALSE,'Poison',NULL,'75','Poisons opponent.',35),
('Poison Sting',TRUE,'Poison',15,'100','May poison the opponent.',35),
('Pound',TRUE,'Normal',40,'100',NULL,35),
('Psybeam',FALSE,'Psychic',65,'100','May confuse opponent.',20),
('Psychic',FALSE,'Psychic',90,'100','May lower opponent''s Special Defense.',10),
('Psywave',FALSE,'Psychic',NULL,'100','Inflicts damage 50-150% of user''s level.',15),
('Quick Attack',TRUE,'Normal',40,'100','User attacks first.',30),
('Rage',TRUE,'Normal',20,'100','Raises user''s Attack when hit.',20),
('Razor Leaf',TRUE,'Grass',55,'95','High critical hit ratio.',25),
('Razor Wind',FALSE,'Normal',80,'100','Charges on first turn, attacks on second. High critical hit ratio.',10),
('Recover',FALSE,'Normal',NULL,NULL,'User recovers half its max HP.',5),
('Reflect',FALSE,'Psychic',NULL,NULL,'Halves damage from Physical attacks for 5 turns.',20),
('Rest',FALSE,'Psychic',NULL,NULL,'User sleeps for 2 turns, but user is fully healed.',5),
('Roar',FALSE,'Normal',NULL,NULL,'In battles, the opponent switches. In the wild, the Pokémon runs.',20),
('Rock Slide',TRUE,'Rock',75,'90','May cause flinching.',10),
('Rock Throw',TRUE,'Rock',50,'90',NULL,15),
('Rolling Kick',TRUE,'Fighting',60,'85','May cause flinching.',15),
('Sand Attack',FALSE,'Ground',NULL,'100','Lowers opponent''s Accuracy.',15),
('Scratch',TRUE,'Normal',40,'100',NULL,35),
('Screech',FALSE,'Normal',NULL,'85','Sharply lowers opponent''s Defense.',40),
('Seismic Toss',TRUE,'Fighting',NULL,'100','Inflicts damage equal to user''s level.',20),
('Self-Destruct',TRUE,'Normal',200,'100','User faints.',5),
('Sharpen',FALSE,'Normal',NULL,NULL,'Raises user''s Attack.',30),
('Sing',FALSE,'Normal',NULL,'55','Puts opponent to sleep.',15),
('Skull Bash',TRUE,'Normal',130,'100','Raises Defense on first turn, attacks on second.',10),
('Sky Attack',TRUE,'Flying',140,'90','Charges on first turn, attacks on second. May cause flinching. High critical hit ratio.',5),
('Slam',TRUE,'Normal',80,'75',NULL,20),
('Slash',TRUE,'Normal',70,'100','High critical hit ratio.',20),
('Sleep Powder',FALSE,'Grass',NULL,'75','Puts opponent to sleep.',15),
('Sludge',FALSE,'Poison',65,'100','May poison opponent.',20),
('Smog',FALSE,'Poison',30,'70','May poison opponent.',20),
('Smokescreen',FALSE,'Normal',NULL,'100','Lowers opponent''s Accuracy.',20),
('Soft-Boiled',FALSE,'Normal',NULL,NULL,'User recovers half its max HP.',5),
('Solar Beam',FALSE,'Grass',120,'100','Charges on first turn, attacks on second.',10),
('Sonic Boom',FALSE,'Normal',NULL,'90','Always inflicts 20 HP.',20),
('Spike Cannon',TRUE,'Normal',20,'100','Hits 2-5 times in one turn.',15),
('Splash',FALSE,'Normal',NULL,NULL,'Doesn''t do ANYTHING.',40),
('Spore',FALSE,'Grass',NULL,'100','Puts opponent to sleep.',15),
('Stomp',TRUE,'Normal',65,'100','May cause flinching.',20),
('Strength',TRUE,'Normal',80,'100',NULL,15),
('String Shot',FALSE,'Bug',NULL,'95','Sharply lowers opponent''s Speed.',40),
('Struggle',TRUE,'Normal',50,NULL,'Only usable when all PP are gone. Hurts the user.',NULL),
('Stun Spore',FALSE,'Grass',NULL,'75','Paralyzes opponent.',30),
('Submission',TRUE,'Fighting',80,'80','User receives recoil damage.',20),
('Substitute',FALSE,'Normal',NULL,NULL,'Uses HP to creates a decoy that takes hits.',10),
('Super Fang',TRUE,'Normal',NULL,'90','Always takes off half of the opponent''s HP.',10),
('Supersonic',FALSE,'Normal',NULL,'55','Confuses opponent.',20),
('Surf',FALSE,'Water',90,'100','Hits all adjacent Pokémon.',15),
('Swift',FALSE,'Normal',60,'∞ ','Ignores Accuracy and Evasiveness.',20),
('Swords Dance',FALSE,'Normal',NULL,NULL,'Sharply raises user''s Attack.',20),
('Tackle',TRUE,'Normal',40,'100',NULL,35),
('Tail Whip',FALSE,'Normal',NULL,'100','Lowers opponent''s Defense.',30),
('Take Down',TRUE,'Normal',90,'85','User receives recoil damage.',20),
('Teleport',FALSE,'Psychic',NULL,NULL,'Allows user to flee wild battles; also warps player to last PokéCenter.',20),
('Thrash',TRUE,'Normal',120,'100','User attacks for 2-3 turns but then becomes confused.',10),
('Thunder',FALSE,'Electric',110,'70','May paralyze opponent.',10),
('Thunder Punch',TRUE,'Electric',75,'100','May paralyze opponent.',15),
('Thunder Shock',FALSE,'Electric',40,'100','May paralyze opponent.',30),
('Thunder Wave',FALSE,'Electric',NULL,'90','Paralyzes opponent.',20),
('Thunderbolt',FALSE,'Electric',90,'100','May paralyze opponent.',15),
('Toxic',FALSE,'Poison',NULL,'90','Badly poisons opponent.',10),
('Transform',FALSE,'Normal',NULL,NULL,'User takes on the form and attacks of the opponent.',10),
('Tri Attack',FALSE,'Normal',80,'100','May paralyze, burn or freeze opponent.',10),
('Twineedle',TRUE,'Bug',25,'100','Hits twice in one turn. May poison opponent.',20),
('Vine Whip',TRUE,'Grass',45,'100',NULL,25),
('Vise Grip',TRUE,'Normal',55,'100',NULL,30),
('Water Gun',FALSE,'Water',40,'100',NULL,25),
('Waterfall',TRUE,'Water',80,'100','May cause flinching.',15),
('Whirlwind',FALSE,'Normal',NULL,NULL,'In battles, the opponent switches. In the wild, the Pokémon runs.',20),
('Wing Attack',TRUE,'Flying',60,'100',NULL,35),
('Withdraw',FALSE,'Water',NULL,NULL,'Raises user''s Defense.',40),
('Wrap',TRUE,'Normal',15,'90','Traps opponent, damaging them for 4-5 turns.',20);



INSERT INTO (canlearn) (pokemon_name, move) VALUES
('Abra','Bide'),
('Abra','Body Slam'),
('Abra','Counter'),
('Abra','Double Team'),
('Abra','Double-Edge'),
('Abra','Flash'),
('Abra','Mega Kick'),
('Abra','Mega Punch'),
('Abra','Metronome'),
('Abra','Mimic'),
('Abra','Psychic'),
('Abra','Psywave'),
('Abra','Rage'),
('Abra','Reflect'),
('Abra','Rest'),
('Abra','Seismic Toss'),
('Abra','Skull Bash'),
('Abra','Submission'),
('Abra','Substitute'),
('Abra','Take Down'),
('Abra','Teleport'),
('Abra','Thunder Wave'),
('Abra','Toxic'),
('Abra','Tri Attack'),
('Alakazam','Confusion'),
('Alakazam','Confusion'),
('Alakazam','Disable'),
('Alakazam','Disable'),
('Alakazam','Kinesis'),
('Alakazam','Psybeam'),
('Alakazam','Psychic'),
('Alakazam','Recover'),
('Alakazam','Reflect'),
('Alakazam','Teleport'),
('Alakazam','Bide'),
('Alakazam','Body Slam'),
('Alakazam','Confusion'),
('Alakazam','Confusion'),
('Alakazam','Counter'),
('Alakazam','Dig'),
('Alakazam','Disable'),
('Alakazam','Disable'),
('Alakazam','Double Team'),
('Alakazam','Double-Edge'),
('Alakazam','Flash'),
('Alakazam','Hyper Beam'),
('Alakazam','Kinesis'),
('Alakazam','Mega Kick'),
('Alakazam','Mega Punch'),
('Alakazam','Metronome'),
('Alakazam','Mimic'),
('Alakazam','Psybeam'),
('Alakazam','Psychic'),
('Alakazam','Psychic'),
('Alakazam','Psywave'),
('Alakazam','Rage'),
('Alakazam','Recover'),
('Alakazam','Reflect'),
('Alakazam','Reflect'),
('Alakazam','Rest'),
('Alakazam','Seismic Toss'),
('Alakazam','Skull Bash'),
('Alakazam','Submission'),
('Alakazam','Substitute'),
('Alakazam','Take Down'),
('Alakazam','Teleport'),
('Alakazam','Teleport'),
('Alakazam','Thunder Wave'),
('Alakazam','Toxic'),
('Alakazam','Tri Attack'),
('Arbok','Acid'),
('Arbok','Bite'),
('Arbok','Glare'),
('Arbok','Leer'),
('Arbok','Poison Sting'),
('Arbok','Poison Sting'),
('Arbok','Screech'),
('Arbok','Wrap'),
('Arbok','Bide'),
('Arbok','Body Slam'),
('Arbok','Dig'),
('Arbok','Double Team'),
('Arbok','Double-Edge'),
('Arbok','Earthquake'),
('Arbok','Fissure'),
('Arbok','Hyper Beam'),
('Arbok','Mega Drain'),
('Arbok','Mimic'),
('Arbok','Rage'),
('Arbok','Rest'),
('Arbok','Rock Slide'),
('Arbok','Skull Bash'),
('Arbok','Strength'),
('Arbok','Substitute'),
('Arbok','Take Down'),
('Arbok','Toxic'),
('Arcanine','Ember'),
('Arcanine','Leer'),
('Arcanine','Roar'),
('Arcanine','Take Down'),
('Arcanine','Bide'),
('Arcanine','Body Slam'),
('Arcanine','Dig'),
('Arcanine','Double Team'),
('Arcanine','Double-Edge'),
('Arcanine','Dragon Rage'),
('Arcanine','Fire Blast'),
('Arcanine','Hyper Beam'),
('Arcanine','Mimic'),
('Arcanine','Rage'),
('Arcanine','Reflect'),
('Arcanine','Rest'),
('Arcanine','Skull Bash'),
('Arcanine','Substitute'),
('Arcanine','Swift'),
('Arcanine','Take Down'),
('Arcanine','Teleport'),
('Arcanine','Toxic'),
('Beedrill','Agility'),
('Beedrill','Focus Energy'),
('Beedrill','Fury Attack'),
('Beedrill','Fury Attack'),
('Beedrill','Pin Missile'),
('Beedrill','Rage'),
('Beedrill','Twineedle'),
('Beedrill','Bide'),
('Beedrill','Cut'),
('Beedrill','Double Team'),
('Beedrill','Double-Edge'),
('Beedrill','Hyper Beam'),
('Beedrill','Mega Drain'),
('Beedrill','Mimic'),
('Beedrill','Rage'),
('Beedrill','Reflect'),
('Beedrill','Rest'),
('Beedrill','Skull Bash'),
('Beedrill','Substitute'),
('Beedrill','Swift'),
('Beedrill','Swords Dance'),
('Beedrill','Take Down'),
('Beedrill','Toxic'),
('Bellsprout','Acid'),
('Bellsprout','Growth'),
('Bellsprout','PoisonPowder'),
('Bellsprout','Razor Leaf'),
('Bellsprout','Slam'),
('Bellsprout','Sleep Powder'),
('Bellsprout','Stun Spore'),
('Bellsprout','Vine Whip'),
('Bellsprout','Wrap'),
('Bellsprout','Bide'),
('Bellsprout','Cut'),
('Bellsprout','Double Team'),
('Bellsprout','Double-Edge'),
('Bellsprout','Mega Drain'),
('Bellsprout','Mimic'),
('Bellsprout','Rage'),
('Bellsprout','Reflect'),
('Bellsprout','Rest'),
('Bellsprout','SolarBeam'),
('Bellsprout','Substitute'),
('Bellsprout','Swords Dance'),
('Bellsprout','Take Down'),
('Bellsprout','Toxic'),
('Blastoise','Bite'),
('Blastoise','Bubble'),
('Blastoise','Bubble'),
('Blastoise','Hydro Pump'),
('Blastoise','Skull Bash'),
('Blastoise','Tackle'),
('Blastoise','Tail Whip'),
('Blastoise','Water Gun'),
('Blastoise','Water Gun'),
('Blastoise','Withdraw'),
('Blastoise','Bide'),
('Blastoise','Blizzard'),
('Blastoise','Body Slam'),
('Blastoise','BubbleBeam'),
('Blastoise','Counter'),
('Blastoise','Dig'),
('Blastoise','Double Team'),
('Blastoise','Double-Edge'),
('Blastoise','Earthquake'),
('Blastoise','Fissure'),
('Blastoise','Hyper Beam'),
('Blastoise','Ice Beam'),
('Blastoise','Mega Kick'),
('Blastoise','Mega Punch'),
('Blastoise','Mimic'),
('Blastoise','Rage'),
('Blastoise','Reflect'),
('Blastoise','Rest'),
('Blastoise','Seismic Toss'),
('Blastoise','Skull Bash'),
('Blastoise','Strength'),
('Blastoise','Submission'),
('Blastoise','Substitute'),
('Blastoise','Surf'),
('Blastoise','Take Down'),
('Blastoise','Toxic'),
('Blastoise','Water Gun'),
('Bulbasaur','Bide'),
('Bulbasaur','Body Slam'),
('Bulbasaur','Cut'),
('Bulbasaur','Double Team'),
('Bulbasaur','Double-Edge'),
('Bulbasaur','Growl'),
('Bulbasaur','Growth'),
('Bulbasaur','Leech Seed'),
('Bulbasaur','Mega Drain'),
('Bulbasaur','Mimic'),
('Bulbasaur','PoisonPowder'),
('Bulbasaur','Rage'),
('Bulbasaur','Razor Leaf'),
('Bulbasaur','Reflect'),
('Bulbasaur','Rest'),
('Bulbasaur','Sleep Powder'),
('Bulbasaur','SolarBeam'),
('Bulbasaur','SolarBeam'),
('Bulbasaur','Substitute'),
('Bulbasaur','Swords Dance'),
('Bulbasaur','Tackle'),
('Bulbasaur','Take Down'),
('Bulbasaur','Toxic'),
('Bulbasaur','Vine Whip'),
('Butterfree','Confusion'),
('Butterfree','Confusion'),
('Butterfree','Gust'),
('Butterfree','PoisonPowder'),
('Butterfree','Psybeam'),
('Butterfree','Sleep Powder'),
('Butterfree','Stun Spore'),
('Butterfree','Supersonic'),
('Butterfree','Whirlwind'),
('Butterfree','Bide'),
('Butterfree','Confusion'),
('Butterfree','Confusion'),
('Butterfree','Double Team'),
('Butterfree','Double-Edge'),
('Butterfree','Flash'),
('Butterfree','Gust'),
('Butterfree','Hyper Beam'),
('Butterfree','Mega Drain'),
('Butterfree','Mimic'),
('Butterfree','PoisonPowder'),
('Butterfree','Psybeam'),
('Butterfree','Psychic'),
('Butterfree','Psywave'),
('Butterfree','Rage'),
('Butterfree','Razor Wind'),
('Butterfree','Reflect'),
('Butterfree','Rest'),
('Butterfree','Sleep Powder'),
('Butterfree','SolarBeam'),
('Butterfree','Stun Spore'),
('Butterfree','Substitute'),
('Butterfree','Supersonic'),
('Butterfree','Swift'),
('Butterfree','Take Down'),
('Butterfree','Teleport'),
('Butterfree','Toxic'),
('Butterfree','Whirlwind'),
('Butterfree','Whirlwind'),
('Caterpie','String Shot'),
('Caterpie','Tackle'),
('Charizard','Ember'),
('Charizard','Ember'),
('Charizard','Fire Spin'),
('Charizard','Flamethrower'),
('Charizard','Growl'),
('Charizard','Leer'),
('Charizard','Leer'),
('Charizard','Rage'),
('Charizard','Scratch'),
('Charizard','Slash'),
('Charizard','Bide'),
('Charizard','Body Slam'),
('Charizard','Counter'),
('Charizard','Cut'),
('Charizard','Dig'),
('Charizard','Double Team'),
('Charizard','Double-Edge'),
('Charizard','Dragon Rage'),
('Charizard','Earthquake'),
('Charizard','Fire Blast'),
('Charizard','Fissure'),
('Charizard','Fly'),
('Charizard','Hyper Beam'),
('Charizard','Mega Kick'),
('Charizard','Mega Punch'),
('Charizard','Mimic'),
('Charizard','Rage'),
('Charizard','Reflect'),
('Charizard','Rest'),
('Charizard','Seismic Toss'),
('Charizard','Skull Bash'),
('Charizard','Strength'),
('Charizard','Submission'),
('Charizard','Substitute'),
('Charizard','Swift'),
('Charizard','Swords Dance'),
('Charizard','Take Down'),
('Charizard','Toxic'),
('Clefable','DoubleSlap'),
('Clefable','Metronome'),
('Clefable','Minimize'),
('Clefable','Sing'),
('Clefable','Bide'),
('Clefable','Blizzard'),
('Clefable','Body Slam'),
('Clefable','BubbleBeam'),
('Clefable','Counter'),
('Clefable','Double Team'),
('Clefable','Double-Edge'),
('Clefable','Fire Blast'),
('Clefable','Flash'),
('Clefable','Hyper Beam'),
('Clefable','Ice Beam'),
('Clefable','Mega Kick'),
('Clefable','Mega Punch'),
('Clefable','Metronome'),
('Clefable','Mimic'),
('Clefable','Psychic'),
('Clefable','Psywave'),
('Clefable','Rage'),
('Clefable','Reflect'),
('Clefable','Rest'),
('Clefable','Seismic Toss'),
('Clefable','Skull Bash'),
('Clefable','SolarBeam'),
('Clefable','Strength'),
('Clefable','Submission'),
('Clefable','Substitute'),
('Clefable','Take Down'),
('Clefable','Teleport'),
('Clefable','Thunder'),
('Clefable','Thunder Wave'),
('Clefable','Thunderbolt'),
('Clefable','Toxic'),
('Clefable','Tri Attack'),
('Clefable','Water Gun'),
('Clefairy','Defense Curl'),
('Clefairy','DoubleSlap'),
('Clefairy','Growl'),
('Clefairy','Light Screen'),
('Clefairy','Metronome'),
('Clefairy','Minimize'),
('Clefairy','Pound'),
('Clefairy','Sing'),
('Clefairy','Bide'),
('Clefairy','Blizzard'),
('Clefairy','Body Slam'),
('Clefairy','BubbleBeam'),
('Clefairy','Counter'),
('Clefairy','Double Team'),
('Clefairy','Double-Edge'),
('Clefairy','Fire Blast'),
('Clefairy','Flash'),
('Clefairy','Ice Beam'),
('Clefairy','Mega Kick'),
('Clefairy','Mega Punch'),
('Clefairy','Metronome'),
('Clefairy','Mimic'),
('Clefairy','Psychic'),
('Clefairy','Psywave'),
('Clefairy','Rage'),
('Clefairy','Reflect'),
('Clefairy','Rest'),
('Clefairy','Seismic Toss'),
('Clefairy','Skull Bash'),
('Clefairy','SolarBeam'),
('Clefairy','Strength'),
('Clefairy','Submission'),
('Clefairy','Substitute'),
('Clefairy','Take Down'),
('Clefairy','Teleport'),
('Clefairy','Thunder'),
('Clefairy','Thunder Wave'),
('Clefairy','Thunderbolt'),
('Clefairy','Toxic'),
('Clefairy','Tri Attack'),
('Clefairy','Water Gun'),
('Cloyster','Aurora Beam'),
('Cloyster','Clamp'),
('Cloyster','Spike Cannon'),
('Cloyster','Supersonic'),
('Cloyster','Withdraw'),
('Cloyster','Bide'),
('Cloyster','Blizzard'),
('Cloyster','BubbleBeam'),
('Cloyster','Double Team'),
('Cloyster','Double-Edge'),
('Cloyster','Explosion'),
('Cloyster','Hyper Beam'),
('Cloyster','Ice Beam'),
('Cloyster','Mimic'),
('Cloyster','Rage'),
('Cloyster','Reflect'),
('Cloyster','Rest'),
('Cloyster','Selfdestruct'),
('Cloyster','Substitute'),
('Cloyster','Surf'),
('Cloyster','Swift'),
('Cloyster','Take Down'),
('Cloyster','Teleport'),
('Cloyster','Toxic'),
('Cloyster','Tri Attack'),
('Cloyster','Water Gun'),
('Dewgong','Aurora Beam'),
('Dewgong','Aurora Beam'),
('Dewgong','Growl'),
('Dewgong','Growl'),
('Dewgong','Headbutt'),
('Dewgong','Ice Beam'),
('Dewgong','Rest'),
('Dewgong','Take Down'),
('Dewgong','Bide'),
('Dewgong','Blizzard'),
('Dewgong','Body Slam'),
('Dewgong','BubbleBeam'),
('Dewgong','Double Team'),
('Dewgong','Double-Edge'),
('Dewgong','Horn Drill'),
('Dewgong','Hyper Beam'),
('Dewgong','Ice Beam'),
('Dewgong','Mimic'),
('Dewgong','Pay Day'),
('Dewgong','Rage'),
('Dewgong','Rest'),
('Dewgong','Skull Bash'),
('Dewgong','Strength'),
('Dewgong','Substitute'),
('Dewgong','Surf'),
('Dewgong','Take Down'),
('Dewgong','Toxic'),
('Dewgong','Water Gun'),
('Diglett','Dig'),
('Diglett','Earthquake'),
('Diglett','Growl'),
('Diglett','Sand-Attack'),
('Diglett','Scratch'),
('Diglett','Slash'),
('Diglett','Bide'),
('Diglett','Body Slam'),
('Diglett','Cut'),
('Diglett','Dig'),
('Diglett','Double Team'),
('Diglett','Double-Edge'),
('Diglett','Earthquake'),
('Diglett','Fissure'),
('Diglett','Mimic'),
('Diglett','Rage'),
('Diglett','Rest'),
('Diglett','Rock Slide'),
('Diglett','Substitute'),
('Diglett','Take Down'),
('Diglett','Toxic'),
('Dodrio','Agility'),
('Dodrio','Drill Peck'),
('Dodrio','Fury Attack'),
('Dodrio','Fury Attack'),
('Dodrio','Growl'),
('Dodrio','Growl'),
('Dodrio','Peck'),
('Dodrio','Rage'),
('Dodrio','Tri Attack'),
('Dodrio','Bide'),
('Dodrio','Body Slam'),
('Dodrio','Double Team'),
('Dodrio','Double-Edge'),
('Dodrio','Fly'),
('Dodrio','Hyper Beam'),
('Dodrio','Mimic'),
('Dodrio','Rage'),
('Dodrio','Reflect'),
('Dodrio','Rest'),
('Dodrio','Skull Bash'),
('Dodrio','Sky Attack'),
('Dodrio','Substitute'),
('Dodrio','Take Down'),
('Dodrio','Toxic'),
('Dodrio','Tri Attack'),
('Dodrio','Whirlwind'),
('Doduo','Agility'),
('Doduo','Drill Peck'),
('Doduo','Fury Attack'),
('Doduo','Growl'),
('Doduo','Peck'),
('Doduo','Rage'),
('Doduo','Tri Attack'),
('Doduo','Bide'),
('Doduo','Body Slam'),
('Doduo','Double Team'),
('Doduo','Double-Edge'),
('Doduo','Fly'),
('Doduo','Mimic'),
('Doduo','Rage'),
('Doduo','Reflect'),
('Doduo','Rest'),
('Doduo','Skull Bash'),
('Doduo','Sky Attack'),
('Doduo','Substitute'),
('Doduo','Take Down'),
('Doduo','Toxic'),
('Doduo','Tri Attack'),
('Doduo','Whirlwind'),
('Drowzee','Confusion'),
('Drowzee','Disable'),
('Drowzee','Headbutt'),
('Drowzee','Hypnosis'),
('Drowzee','Meditate'),
('Drowzee','Poison Gas'),
('Drowzee','Pound'),
('Drowzee','Psychic'),
('Drowzee','Bide'),
('Drowzee','Body Slam'),
('Drowzee','Counter'),
('Drowzee','Double Team'),
('Drowzee','Double-Edge'),
('Drowzee','Dream Eater'),
('Drowzee','Flash'),
('Drowzee','Mega Kick'),
('Drowzee','Mega Punch'),
('Drowzee','Metronome'),
('Drowzee','Mimic'),
('Drowzee','Psychic'),
('Drowzee','Psywave'),
('Drowzee','Rage'),
('Drowzee','Reflect'),
('Drowzee','Rest'),
('Drowzee','Seismic Toss'),
('Drowzee','Skull Bash'),
('Drowzee','Submission'),
('Drowzee','Substitute'),
('Drowzee','Take Down'),
('Drowzee','Teleport'),
('Drowzee','Thunder Wave'),
('Drowzee','Toxic'),
('Drowzee','Tri Attack'),
('Dugtrio','Dig'),
('Dugtrio','Dig'),
('Dugtrio','Earthquake'),
('Dugtrio','Growl'),
('Dugtrio','Growl'),
('Dugtrio','Sand-Attack'),
('Dugtrio','Scratch'),
('Dugtrio','Slash'),
('Dugtrio','Bide'),
('Dugtrio','Body Slam'),
('Dugtrio','Cut'),
('Dugtrio','Dig'),
('Dugtrio','Double Team'),
('Dugtrio','Double-Edge'),
('Dugtrio','Earthquake'),
('Dugtrio','Fissure'),
('Dugtrio','Hyper Beam'),
('Dugtrio','Mimic'),
('Dugtrio','Rage'),
('Dugtrio','Rest'),
('Dugtrio','Rock Slide'),
('Dugtrio','Substitute'),
('Dugtrio','Take Down'),
('Dugtrio','Toxic'),
('Ekans','Acid'),
('Ekans','Bite'),
('Ekans','Glare'),
('Ekans','Leer'),
('Ekans','Poison Sting'),
('Ekans','Screech'),
('Ekans','Wrap'),
('Ekans','Bide'),
('Ekans','Body Slam'),
('Ekans','Dig'),
('Ekans','Double Team'),
('Ekans','Double-Edge'),
('Ekans','Earthquake'),
('Ekans','Fissure'),
('Ekans','Mega Drain'),
('Ekans','Mimic'),
('Ekans','Rage'),
('Ekans','Rest'),
('Ekans','Rock Slide'),
('Ekans','Skull Bash'),
('Ekans','Strength'),
('Ekans','Substitute'),
('Ekans','Take Down'),
('Ekans','Toxic'),
('Farfetch''d','Agility'),
('Farfetch''d','Fury Attack'),
('Farfetch''d','Leer'),
('Farfetch''d','Peck'),
('Farfetch''d','Sand-Attack'),
('Farfetch''d','Slash'),
('Farfetch''d','Swords Dance'),
('Farfetch''d','Bide'),
('Farfetch''d','Body Slam'),
('Farfetch''d','Cut'),
('Farfetch''d','Double Team'),
('Farfetch''d','Double-Edge'),
('Farfetch''d','Fly'),
('Farfetch''d','Mimic'),
('Farfetch''d','Rage'),
('Farfetch''d','Razor Wind'),
('Farfetch''d','Reflect'),
('Farfetch''d','Rest'),
('Farfetch''d','Skull Bash'),
('Farfetch''d','Substitute'),
('Farfetch''d','Swift'),
('Farfetch''d','Swords Dance'),
('Farfetch''d','Take Down'),
('Farfetch''d','Toxic'),
('Farfetch''d','Whirlwind'),
('Fearow','Agility'),
('Fearow','Drill Peck'),
('Fearow','Fury Attack'),
('Fearow','Growl'),
('Fearow','Leer'),
('Fearow','Leer'),
('Fearow','Mirror Move'),
('Fearow','Peck'),
('Fearow','Bide'),
('Fearow','Double Team'),
('Fearow','Double-Edge'),
('Fearow','Fly'),
('Fearow','Hyper Beam'),
('Fearow','Mimic'),
('Fearow','Rage'),
('Fearow','Razor Wind'),
('Fearow','Rest'),
('Fearow','Sky Attack'),
('Fearow','Substitute'),
('Fearow','Swift'),
('Fearow','Take Down'),
('Fearow','Toxic'),
('Fearow','Whirlwind'),
('Gastly','Confuse Ray'),
('Gastly','Dream Eater'),
('Gastly','Hypnosis'),
('Gastly','Lick'),
('Gastly','Night Shade'),
('Gastly','Bide'),
('Gastly','Double Team'),
('Gastly','Dream Eater'),
('Gastly','Explosion'),
('Gastly','Mega Drain'),
('Gastly','Mimic'),
('Gastly','Psychic'),
('Gastly','Psywave'),
('Gastly','Rage'),
('Gastly','Rest'),
('Gastly','Selfdestruct'),
('Gastly','Substitute'),
('Gastly','Thunder'),
('Gastly','Thunderbolt'),
('Gastly','Toxic'),
('Gengar','Confuse Ray'),
('Gengar','Dream Eater'),
('Gengar','Hypnosis'),
('Gengar','Lick'),
('Gengar','Night Shade'),
('Gengar','Bide'),
('Gengar','Body Slam'),
('Gengar','Counter'),
('Gengar','Double Team'),
('Gengar','Double-Edge'),
('Gengar','Dream Eater'),
('Gengar','Explosion'),
('Gengar','Hyper Beam'),
('Gengar','Mega Drain'),
('Gengar','Mega Kick'),
('Gengar','Mega Punch'),
('Gengar','Metronome'),
('Gengar','Mimic'),
('Gengar','Psychic'),
('Gengar','Psywave'),
('Gengar','Rage'),
('Gengar','Rest'),
('Gengar','Seismic Toss'),
('Gengar','Selfdestruct'),
('Gengar','Skull Bash'),
('Gengar','Strength'),
('Gengar','Submission'),
('Gengar','Substitute'),
('Gengar','Take Down'),
('Gengar','Thunder'),
('Gengar','Thunderbolt'),
('Gengar','Toxic'),
('Geodude','Defense Curl'),
('Geodude','Earthquake'),
('Geodude','Explosion'),
('Geodude','Harden'),
('Geodude','Rock Throw'),
('Geodude','Selfdestruct'),
('Geodude','Tackle'),
('Geodude','Bide'),
('Geodude','Body Slam'),
('Geodude','Counter'),
('Geodude','Dig'),
('Geodude','Double Team'),
('Geodude','Double-Edge'),
('Geodude','Earthquake'),
('Geodude','Explosion'),
('Geodude','Fire Blast'),
('Geodude','Fissure'),
('Geodude','Mega Punch'),
('Geodude','Metronome'),
('Geodude','Mimic'),
('Geodude','Rage'),
('Geodude','Rest'),
('Geodude','Rock Slide'),
('Geodude','Seismic Toss'),
('Geodude','Selfdestruct'),
('Geodude','Strength'),
('Geodude','Submission'),
('Geodude','Substitute'),
('Geodude','Take Down'),
('Geodude','Toxic'),
('Gloom','Absorb'),
('Gloom','Acid'),
('Gloom','Petal Dance'),
('Gloom','PoisonPowder'),
('Gloom','PoisonPowder'),
('Gloom','Sleep Powder'),
('Gloom','SolarBeam'),
('Gloom','Stun Spore'),
('Gloom','Stun Spore'),
('Gloom','Bide'),
('Gloom','Cut'),
('Gloom','Double Team'),
('Gloom','Double-Edge'),
('Gloom','Mega Drain'),
('Gloom','Mimic'),
('Gloom','Rage'),
('Gloom','Reflect'),
('Gloom','Rest'),
('Gloom','SolarBeam'),
('Gloom','Substitute'),
('Gloom','Swords Dance'),
('Gloom','Take Down'),
('Gloom','Toxic'),
('Golbat','Bite'),
('Golbat','Bite'),
('Golbat','Confuse Ray'),
('Golbat','Haze'),
('Golbat','Leech Life'),
('Golbat','Screech'),
('Golbat','Supersonic'),
('Golbat','Wing Attack'),
('Golbat','Bide'),
('Golbat','Double Team'),
('Golbat','Double-Edge'),
('Golbat','Hyper Beam'),
('Golbat','Mega Drain'),
('Golbat','Mimic'),
('Golbat','Rage'),
('Golbat','Razor Wind'),
('Golbat','Rest'),
('Golbat','Substitute'),
('Golbat','Swift'),
('Golbat','Take Down'),
('Golbat','Toxic'),
('Golbat','Whirlwind'),
('Golduck','Confusion'),
('Golduck','Disable'),
('Golduck','Disable'),
('Golduck','Fury Swipes'),
('Golduck','Hydro Pump'),
('Golduck','Scratch'),
('Golduck','Tail Whip'),
('Golduck','Tail Whip'),
('Golduck','Bide'),
('Golduck','Blizzard'),
('Golduck','Body Slam'),
('Golduck','BubbleBeam'),
('Golduck','Counter'),
('Golduck','Dig'),
('Golduck','Double Team'),
('Golduck','Double-Edge'),
('Golduck','Hyper Beam'),
('Golduck','Ice Beam'),
('Golduck','Mega Kick'),
('Golduck','Mega Punch'),
('Golduck','Mimic'),
('Golduck','Pay Day'),
('Golduck','Rage'),
('Golduck','Rest'),
('Golduck','Seismic Toss'),
('Golduck','Skull Bash'),
('Golduck','Strength'),
('Golduck','Submission'),
('Golduck','Substitute'),
('Golduck','Surf'),
('Golduck','Swift'),
('Golduck','Take Down'),
('Golduck','Toxic'),
('Golduck','Water Gun'),
('Golem','Defense Curl'),
('Golem','Defense Curl'),
('Golem','Earthquake'),
('Golem','Explosion'),
('Golem','Harden'),
('Golem','Rock Throw'),
('Golem','Selfdestruct'),
('Golem','Tackle'),
('Golem','Bide'),
('Golem','Body Slam'),
('Golem','Counter'),
('Golem','Dig'),
('Golem','Double Team'),
('Golem','Double-Edge'),
('Golem','Earthquake'),
('Golem','Explosion'),
('Golem','Fire Blast'),
('Golem','Fissure'),
('Golem','Hyper Beam'),
('Golem','Mega Kick'),
('Golem','Mega Punch'),
('Golem','Metronome'),
('Golem','Mimic'),
('Golem','Rage'),
('Golem','Rest'),
('Golem','Rock Slide'),
('Golem','Seismic Toss'),
('Golem','Selfdestruct'),
('Golem','Strength'),
('Golem','Submission'),
('Golem','Substitute'),
('Golem','Take Down'),
('Golem','Toxic'),
('Graveler','Defense Curl'),
('Graveler','Defense Curl'),
('Graveler','Earthquake'),
('Graveler','Explosion'),
('Graveler','Harden'),
('Graveler','Rock Throw'),
('Graveler','Selfdestruct'),
('Graveler','Tackle'),
('Graveler','Bide'),
('Graveler','Body Slam'),
('Graveler','Counter'),
('Graveler','Dig'),
('Graveler','Double Team'),
('Graveler','Double-Edge'),
('Graveler','Earthquake'),
('Graveler','Explosion'),
('Graveler','Fire Blast'),
('Graveler','Fissure'),
('Graveler','Mega Punch'),
('Graveler','Metronome'),
('Graveler','Mimic'),
('Graveler','Rage'),
('Graveler','Rest'),
('Graveler','Rock Slide'),
('Graveler','Seismic Toss'),
('Graveler','Selfdestruct'),
('Graveler','Strength'),
('Graveler','Submission'),
('Graveler','Substitute'),
('Graveler','Take Down'),
('Graveler','Toxic'),
('Grimer','Acid Armor'),
('Grimer','Disable'),
('Grimer','Harden'),
('Grimer','Minimize'),
('Grimer','Poison Gas'),
('Grimer','Pound'),
('Grimer','Screech'),
('Grimer','Sludge'),
('Grimer','Bide'),
('Grimer','Body Slam'),
('Grimer','Double Team'),
('Grimer','Explosion'),
('Grimer','Fire Blast'),
('Grimer','Mega Drain'),
('Grimer','Mimic'),
('Grimer','Rage'),
('Grimer','Rest'),
('Grimer','Selfdestruct'),
('Grimer','Substitute'),
('Grimer','Thunder'),
('Grimer','Thunderbolt'),
('Grimer','Toxic'),
('Growlithe','Agility'),
('Growlithe','Bite'),
('Growlithe','Ember'),
('Growlithe','Flamethrower'),
('Growlithe','Leer'),
('Growlithe','Roar'),
('Growlithe','Take Down'),
('Growlithe','Bide'),
('Growlithe','Body Slam'),
('Growlithe','Dig'),
('Growlithe','Double Team'),
('Growlithe','Double-Edge'),
('Growlithe','Dragon Rage'),
('Growlithe','Fire Blast'),
('Growlithe','Mimic'),
('Growlithe','Rage'),
('Growlithe','Reflect'),
('Growlithe','Rest'),
('Growlithe','Skull Bash'),
('Growlithe','Substitute'),
('Growlithe','Swift'),
('Growlithe','Take Down'),
('Growlithe','Toxic'),
('Haunter','Confuse Ray'),
('Haunter','Dream Eater'),
('Haunter','Hypnosis'),
('Haunter','Lick'),
('Haunter','Night Shade'),
('Haunter','Bide'),
('Haunter','Double Team'),
('Haunter','Dream Eater'),
('Haunter','Explosion'),
('Haunter','Mega Drain'),
('Haunter','Mimic'),
('Haunter','Psychic'),
('Haunter','Psywave'),
('Haunter','Rage'),
('Haunter','Rest'),
('Haunter','Selfdestruct'),
('Haunter','Substitute'),
('Haunter','Thunder'),
('Haunter','Thunderbolt'),
('Haunter','Toxic'),
('Hypno','Confusion'),
('Hypno','Confusion'),
('Hypno','Disable'),
('Hypno','Disable'),
('Hypno','Headbutt'),
('Hypno','Hypnosis'),
('Hypno','Meditate'),
('Hypno','Poison Gas'),
('Hypno','Pound'),
('Hypno','Psychic'),
('Hypno','Bide'),
('Hypno','Body Slam'),
('Hypno','Counter'),
('Hypno','Double Team'),
('Hypno','Double-Edge'),
('Hypno','Dream Eater'),
('Hypno','Flash'),
('Hypno','Hyper Beam'),
('Hypno','Mega Kick'),
('Hypno','Mega Punch'),
('Hypno','Metronome'),
('Hypno','Mimic'),
('Hypno','Psychic'),
('Hypno','Psywave'),
('Hypno','Rage'),
('Hypno','Reflect'),
('Hypno','Rest'),
('Hypno','Seismic Toss'),
('Hypno','Skull Bash'),
('Hypno','Submission'),
('Hypno','Substitute'),
('Hypno','Take Down'),
('Hypno','Teleport'),
('Hypno','Thunder Wave'),
('Hypno','Toxic'),
('Hypno','Tri Attack'),
('Ivysaur','Growl'),
('Ivysaur','Growth'),
('Ivysaur','Leech Seed'),
('Ivysaur','Leech Seed'),
('Ivysaur','PoisonPowder'),
('Ivysaur','Razor Leaf'),
('Ivysaur','Sleep Powder'),
('Ivysaur','SolarBeam'),
('Ivysaur','Tackle'),
('Ivysaur','Vine Whip'),
('Ivysaur','Bide'),
('Ivysaur','Body Slam'),
('Ivysaur','Cut'),
('Ivysaur','Double Team'),
('Ivysaur','Double-Edge'),
('Ivysaur','Mega Drain'),
('Ivysaur','Mimic'),
('Ivysaur','Rage'),
('Ivysaur','Reflect'),
('Ivysaur','Rest'),
('Ivysaur','SolarBeam'),
('Ivysaur','Substitute'),
('Ivysaur','Swords Dance'),
('Ivysaur','Take Down'),
('Ivysaur','Toxic'),
('Jigglypuff','Body Slam'),
('Jigglypuff','Defense Curl'),
('Jigglypuff','Disable'),
('Jigglypuff','Double-Edge'),
('Jigglypuff','DoubleSlap'),
('Jigglypuff','Pound'),
('Jigglypuff','Rest'),
('Jigglypuff','Sing'),
('Jigglypuff','Bide'),
('Jigglypuff','Blizzard'),
('Jigglypuff','Body Slam'),
('Jigglypuff','BubbleBeam'),
('Jigglypuff','Counter'),
('Jigglypuff','Double Team'),
('Jigglypuff','Double-Edge'),
('Jigglypuff','Fire Blast'),
('Jigglypuff','Flash'),
('Jigglypuff','Ice Beam'),
('Jigglypuff','Mega Kick'),
('Jigglypuff','Mega Punch'),
('Jigglypuff','Mimic'),
('Jigglypuff','Psychic'),
('Jigglypuff','Psywave'),
('Jigglypuff','Rage'),
('Jigglypuff','Reflect'),
('Jigglypuff','Rest'),
('Jigglypuff','Seismic Toss'),
('Jigglypuff','Skull Bash'),
('Jigglypuff','SolarBeam'),
('Jigglypuff','Strength'),
('Jigglypuff','Submission'),
('Jigglypuff','Substitute'),
('Jigglypuff','Take Down'),
('Jigglypuff','Teleport'),
('Jigglypuff','Thunder'),
('Jigglypuff','Thunder Wave'),
('Jigglypuff','Thunderbolt'),
('Jigglypuff','Toxic'),
('Jigglypuff','Tri Attack'),
('Jigglypuff','Water Gun'),
('Kadabra','Confusion'),
('Kadabra','Confusion'),
('Kadabra','Disable'),
('Kadabra','Disable'),
('Kadabra','Kinesis'),
('Kadabra','Psybeam'),
('Kadabra','Psychic'),
('Kadabra','Recover'),
('Kadabra','Reflect'),
('Kadabra','Teleport'),
('Kadabra','Bide'),
('Kadabra','Body Slam'),
('Kadabra','Confusion'),
('Kadabra','Confusion'),
('Kadabra','Counter'),
('Kadabra','Dig'),
('Kadabra','Disable'),
('Kadabra','Disable'),
('Kadabra','Double Team'),
('Kadabra','Double-Edge'),
('Kadabra','Flash'),
('Kadabra','Kinesis'),
('Kadabra','Mega Kick'),
('Kadabra','Mega Punch'),
('Kadabra','Metronome'),
('Kadabra','Mimic'),
('Kadabra','Psybeam'),
('Kadabra','Psychic'),
('Kadabra','Psychic'),
('Kadabra','Psywave'),
('Kadabra','Rage'),
('Kadabra','Recover'),
('Kadabra','Reflect'),
('Kadabra','Reflect'),
('Kadabra','Rest'),
('Kadabra','Seismic Toss'),
('Kadabra','Skull Bash'),
('Kadabra','Submission'),
('Kadabra','Substitute'),
('Kadabra','Take Down'),
('Kadabra','Teleport'),
('Kadabra','Teleport'),
('Kadabra','Thunder Wave'),
('Kadabra','Toxic'),
('Kadabra','Tri Attack'),
('Kakuna','Harden'),
('Kingler','Bubble'),
('Kingler','Crabhammer'),
('Kingler','Guillotine'),
('Kingler','Harden'),
('Kingler','Leer'),
('Kingler','Stomp'),
('Kingler','ViceGrip'),
('Kingler','ViceGrip'),
('Kingler','Bide'),
('Kingler','Blizzard'),
('Kingler','Body Slam'),
('Kingler','BubbleBeam'),
('Kingler','Cut'),
('Kingler','Double Team'),
('Kingler','Double-Edge'),
('Kingler','Hyper Beam'),
('Kingler','Ice Beam'),
('Kingler','Mimic'),
('Kingler','Rage'),
('Kingler','Rest'),
('Kingler','Strength'),
('Kingler','Substitute'),
('Kingler','Surf'),
('Kingler','Swords Dance'),
('Kingler','Take Down'),
('Kingler','Toxic'),
('Kingler','Water Gun'),
('Krabby','Bubble'),
('Krabby','Crabhammer'),
('Krabby','Guillotine'),
('Krabby','Harden'),
('Krabby','Leer'),
('Krabby','Stomp'),
('Krabby','ViceGrip'),
('Krabby','Bide'),
('Krabby','Blizzard'),
('Krabby','Body Slam'),
('Krabby','BubbleBeam'),
('Krabby','Cut'),
('Krabby','Double Team'),
('Krabby','Double-Edge'),
('Krabby','Ice Beam'),
('Krabby','Mimic'),
('Krabby','Rage'),
('Krabby','Rest'),
('Krabby','Strength'),
('Krabby','Substitute'),
('Krabby','Surf'),
('Krabby','Swords Dance'),
('Krabby','Take Down'),
('Krabby','Toxic'),
('Krabby','Water Gun'),
('Machamp','Focus Energy'),
('Machamp','Karate Chop'),
('Machamp','Leer'),
('Machamp','Leer'),
('Machamp','Low Kick'),
('Machamp','Low Kick'),
('Machamp','Seismic Toss'),
('Machamp','Submission'),
('Machamp','Bide'),
('Machamp','Body Slam'),
('Machamp','Counter'),
('Machamp','Dig'),
('Machamp','Double Team'),
('Machamp','Double-Edge'),
('Machamp','Earthquake'),
('Machamp','Fire Blast'),
('Machamp','Fissure'),
('Machamp','Hyper Beam'),
('Machamp','Mega Kick'),
('Machamp','Mega Punch'),
('Machamp','Metronome'),
('Machamp','Mimic'),
('Machamp','Rage'),
('Machamp','Rest'),
('Machamp','Rock Slide'),
('Machamp','Seismic Toss'),
('Machamp','Skull Bash'),
('Machamp','Strength'),
('Machamp','Submission'),
('Machamp','Substitute'),
('Machamp','Take Down'),
('Machamp','Toxic'),
('Machoke','Bide'),
('Machoke','Body Slam'),
('Machoke','Counter'),
('Machoke','Dig'),
('Machoke','Double Team'),
('Machoke','Double-Edge'),
('Machoke','Earthquake'),
('Machoke','Fire Blast'),
('Machoke','Fissure'),
('Machoke','Mega Kick'),
('Machoke','Mega Punch'),
('Machoke','Metronome'),
('Machoke','Mimic'),
('Machoke','Rage'),
('Machoke','Rest'),
('Machoke','Rock Slide'),
('Machoke','Seismic Toss'),
('Machoke','Skull Bash'),
('Machoke','Strength'),
('Machoke','Submission'),
('Machoke','Substitute'),
('Machoke','Take Down'),
('Machoke','Toxic'),
('Machop','Focus Energy'),
('Machop','Karate Chop'),
('Machop','Leer'),
('Machop','Low Kick'),
('Machop','Seismic Toss'),
('Machop','Submission'),
('Machop','Bide'),
('Machop','Body Slam'),
('Machop','Counter'),
('Machop','Dig'),
('Machop','Double Team'),
('Machop','Double-Edge'),
('Machop','Earthquake'),
('Machop','Fire Blast'),
('Machop','Fissure'),
('Machop','Mega Kick'),
('Machop','Mega Punch'),
('Machop','Metronome'),
('Machop','Mimic'),
('Machop','Rage'),
('Machop','Rest'),
('Machop','Rock Slide'),
('Machop','Seismic Toss'),
('Machop','Skull Bash'),
('Machop','Strength'),
('Machop','Submission'),
('Machop','Substitute'),
('Machop','Take Down'),
('Machop','Toxic'),
('Magnemite','Screech'),
('Magnemite','SonicBoom'),
('Magnemite','Supersonic'),
('Magnemite','Swift'),
('Magnemite','Tackle'),
('Magnemite','Thunder Wave'),
('Magnemite','ThunderShock'),
('Magnemite','Bide'),
('Magnemite','Double Team'),
('Magnemite','Double-Edge'),
('Magnemite','Flash'),
('Magnemite','Mimic'),
('Magnemite','Rage'),
('Magnemite','Reflect'),
('Magnemite','Rest'),
('Magnemite','Substitute'),
('Magnemite','Swift'),
('Magnemite','Take Down'),
('Magnemite','Teleport'),
('Magnemite','Thunder'),
('Magnemite','Thunder Wave'),
('Magnemite','Thunderbolt'),
('Magnemite','Toxic'),
('Magneton','Screech'),
('Magneton','SonicBoom'),
('Magneton','SonicBoom'),
('Magneton','Supersonic'),
('Magneton','Swift'),
('Magneton','Tackle'),
('Magneton','Thunder Wave'),
('Magneton','ThunderShock'),
('Magneton','ThunderShock'),
('Magneton','Bide'),
('Magneton','Double Team'),
('Magneton','Double-Edge'),
('Magneton','Flash'),
('Magneton','Hyper Beam'),
('Magneton','Mimic'),
('Magneton','Rage'),
('Magneton','Reflect'),
('Magneton','Rest'),
('Magneton','Substitute'),
('Magneton','Swift'),
('Magneton','Take Down'),
('Magneton','Teleport'),
('Magneton','Thunder'),
('Magneton','Thunder Wave'),
('Magneton','Thunderbolt'),
('Magneton','Toxic'),
('Mankey','Focus Energy'),
('Mankey','Fury Swipes'),
('Mankey','Karate Chop'),
('Mankey','Leer'),
('Mankey','Low Kick'),
('Mankey','Scratch'),
('Mankey','Screech'),
('Mankey','Seismic Toss'),
('Mankey','Thrash'),
('Mankey','Bide'),
('Mankey','Body Slam'),
('Mankey','Counter'),
('Mankey','Dig'),
('Mankey','Double Team'),
('Mankey','Double-Edge'),
('Mankey','Focus Energy'),
('Mankey','Fury Swipes'),
('Mankey','Karate Chop'),
('Mankey','Leer'),
('Mankey','Low Kick'),
('Mankey','Mega Kick'),
('Mankey','Mega Punch'),
('Mankey','Metronome'),
('Mankey','Mimic'),
('Mankey','Pay Day'),
('Mankey','Rage'),
('Mankey','Rest'),
('Mankey','Rock Slide'),
('Mankey','Scratch'),
('Mankey','Screech'),
('Mankey','Seismic Toss'),
('Mankey','Seismic Toss'),
('Mankey','Skull Bash'),
('Mankey','Strength'),
('Mankey','Submission'),
('Mankey','Substitute'),
('Mankey','Swift'),
('Mankey','Take Down'),
('Mankey','Thrash'),
('Mankey','Thunder'),
('Mankey','Thunderbolt'),
('Mankey','Toxic'),
('Meowth','Bite'),
('Meowth','Fury Swipes'),
('Meowth','Growl'),
('Meowth','Pay Day'),
('Meowth','Scratch'),
('Meowth','Screech'),
('Meowth','Slash'),
('Meowth','Bide'),
('Meowth','Body Slam'),
('Meowth','BubbleBeam'),
('Meowth','Double Team'),
('Meowth','Double-Edge'),
('Meowth','Mimic'),
('Meowth','Pay Day'),
('Meowth','Rage'),
('Meowth','Rest'),
('Meowth','Skull Bash'),
('Meowth','Substitute'),
('Meowth','Swift'),
('Meowth','Take Down'),
('Meowth','Thunder'),
('Meowth','Thunderbolt'),
('Meowth','Toxic'),
('Meowth','Water Gun'),
('Metapod','Harden'),
('Metapod','Harden'),
('Metapod','Harden'),
('Metapod','Harden'),
('Muk','Acid Armor'),
('Muk','Disable'),
('Muk','Harden'),
('Muk','Minimize'),
('Muk','Poison Gas'),
('Muk','Poison Gas'),
('Muk','Pound'),
('Muk','Screech'),
('Muk','Sludge'),
('Muk','Bide'),
('Muk','Body Slam'),
('Muk','Double Team'),
('Muk','Explosion'),
('Muk','Fire Blast'),
('Muk','Hyper Beam'),
('Muk','Mega Drain'),
('Muk','Mimic'),
('Muk','Rage'),
('Muk','Rest'),
('Muk','Selfdestruct'),
('Muk','Substitute'),
('Muk','Thunder'),
('Muk','Thunderbolt'),
('Muk','Toxic'),
('Nidoking','Double Kick'),
('Nidoking','Horn Attack'),
('Nidoking','Horn Attack'),
('Nidoking','Poison Sting'),
('Nidoking','Poison Sting'),
('Nidoking','Tackle'),
('Nidoking','Thrash'),
('Nidoking','Thrash'),
('Nidoking','Bide'),
('Nidoking','Blizzard'),
('Nidoking','Body Slam'),
('Nidoking','BubbleBeam'),
('Nidoking','Counter'),
('Nidoking','Double Kick'),
('Nidoking','Double Team'),
('Nidoking','Double-Edge'),
('Nidoking','Earthquake'),
('Nidoking','Fire Blast'),
('Nidoking','Fissure'),
('Nidoking','Horn Attack'),
('Nidoking','Horn Attack'),
('Nidoking','Horn Drill'),
('Nidoking','Hyper Beam'),
('Nidoking','Ice Beam'),
('Nidoking','Mega Kick'),
('Nidoking','Mega Punch'),
('Nidoking','Mimic'),
('Nidoking','Pay Day'),
('Nidoking','Poison Sting'),
('Nidoking','Poison Sting'),
('Nidoking','Rage'),
('Nidoking','Reflect'),
('Nidoking','Rest'),
('Nidoking','Rock Slide'),
('Nidoking','Seismic Toss'),
('Nidoking','Skull Bash'),
('Nidoking','Strength'),
('Nidoking','Submission'),
('Nidoking','Substitute'),
('Nidoking','Surf'),
('Nidoking','Tackle'),
('Nidoking','Take Down'),
('Nidoking','Thrash'),
('Nidoking','Thrash'),
('Nidoking','Thunder'),
('Nidoking','Thunderbolt'),
('Nidoking','Toxic'),
('Nidoking','Water Gun'),
('Nidoqueen','Body Slam'),
('Nidoqueen','Body Slam'),
('Nidoqueen','Double Kick'),
('Nidoqueen','Poison Sting'),
('Nidoqueen','Scratch'),
('Nidoqueen','Scratch'),
('Nidoqueen','Tackle'),
('Nidoqueen','Tail Whip'),
('Nidoqueen','Bide'),
('Nidoqueen','Blizzard'),
('Nidoqueen','Body Slam'),
('Nidoqueen','Body Slam'),
('Nidoqueen','Body Slam'),
('Nidoqueen','BubbleBeam'),
('Nidoqueen','Counter'),
('Nidoqueen','Double Kick'),
('Nidoqueen','Double Team'),
('Nidoqueen','Double-Edge'),
('Nidoqueen','Earthquake'),
('Nidoqueen','Fire Blast'),
('Nidoqueen','Fissure'),
('Nidoqueen','Horn Drill'),
('Nidoqueen','Hyper Beam'),
('Nidoqueen','Ice Beam'),
('Nidoqueen','Mega Kick'),
('Nidoqueen','Mega Punch'),
('Nidoqueen','Mimic'),
('Nidoqueen','Pay Day'),
('Nidoqueen','Poison Sting'),
('Nidoqueen','Rage'),
('Nidoqueen','Reflect'),
('Nidoqueen','Rest'),
('Nidoqueen','Rock Slide'),
('Nidoqueen','Scratch'),
('Nidoqueen','Scratch'),
('Nidoqueen','Seismic Toss'),
('Nidoqueen','Skull Bash'),
('Nidoqueen','Strength'),
('Nidoqueen','Submission'),
('Nidoqueen','Substitute'),
('Nidoqueen','Surf'),
('Nidoqueen','Tackle'),
('Nidoqueen','Tail Whip'),
('Nidoqueen','Take Down'),
('Nidoqueen','Thunder'),
('Nidoqueen','Thunderbolt'),
('Nidoqueen','Toxic'),
('Nidoqueen','Water Gun'),
('Nidoran♀','Bite'),
('Nidoran♀','Double Kick'),
('Nidoran♀','Fury Swipes'),
('Nidoran♀','Growl'),
('Nidoran♀','Poison Sting'),
('Nidoran♀','Scratch'),
('Nidoran♀','Tackle'),
('Nidoran♀','Tail Whip'),
('Nidoran♀','Bide'),
('Nidoran♀','Bite'),
('Nidoran♀','Blizzard'),
('Nidoran♀','Body Slam'),
('Nidoran♀','Double Kick'),
('Nidoran♀','Double Team'),
('Nidoran♀','Double-Edge'),
('Nidoran♀','Fury Swipes'),
('Nidoran♀','Growl'),
('Nidoran♀','Mimic'),
('Nidoran♀','Poison Sting'),
('Nidoran♀','Rage'),
('Nidoran♀','Reflect'),
('Nidoran♀','Rest'),
('Nidoran♀','Scratch'),
('Nidoran♀','Skull Bash'),
('Nidoran♀','Substitute'),
('Nidoran♀','Tackle'),
('Nidoran♀','Tail Whip'),
('Nidoran♀','Take Down'),
('Nidoran♀','Thunder'),
('Nidoran♀','Thunderbolt'),
('Nidoran♀','Toxic'),
('Nidoran♂','Double Kick'),
('Nidoran♂','Focus Energy'),
('Nidoran♂','Fury Attack'),
('Nidoran♂','Horn Attack'),
('Nidoran♂','Horn Drill'),
('Nidoran♂','Leer'),
('Nidoran♂','Poison Sting'),
('Nidoran♂','Tackle'),
('Nidoran♂','Bide'),
('Nidoran♂','Blizzard'),
('Nidoran♂','Body Slam'),
('Nidoran♂','Double Kick'),
('Nidoran♂','Double Team'),
('Nidoran♂','Double-Edge'),
('Nidoran♂','Focus Energy'),
('Nidoran♂','Fury Attack'),
('Nidoran♂','Horn Attack'),
('Nidoran♂','Horn Drill'),
('Nidoran♂','Horn Drill'),
('Nidoran♂','Leer'),
('Nidoran♂','Mimic'),
('Nidoran♂','Poison Sting'),
('Nidoran♂','Rage'),
('Nidoran♂','Reflect'),
('Nidoran♂','Rest'),
('Nidoran♂','Skull Bash'),
('Nidoran♂','Substitute'),
('Nidoran♂','Tackle'),
('Nidoran♂','Take Down'),
('Nidoran♂','Thunder'),
('Nidoran♂','Thunderbolt'),
('Nidoran♂','Toxic'),
('Nidorina','Bite'),
('Nidorina','Double Kick'),
('Nidorina','Fury Swipes'),
('Nidorina','Growl'),
('Nidorina','Poison Sting'),
('Nidorina','Scratch'),
('Nidorina','Scratch'),
('Nidorina','Tackle'),
('Nidorina','Tail Whip'),
('Nidorina','Bide'),
('Nidorina','Bite'),
('Nidorina','Blizzard'),
('Nidorina','Body Slam'),
('Nidorina','BubbleBeam'),
('Nidorina','Double Kick'),
('Nidorina','Double Team'),
('Nidorina','Double-Edge'),
('Nidorina','Fury Swipes'),
('Nidorina','Growl'),
('Nidorina','Horn Drill'),
('Nidorina','Ice Beam'),
('Nidorina','Mimic'),
('Nidorina','Poison Sting'),
('Nidorina','Rage'),
('Nidorina','Reflect'),
('Nidorina','Rest'),
('Nidorina','Scratch'),
('Nidorina','Scratch'),
('Nidorina','Skull Bash'),
('Nidorina','Substitute'),
('Nidorina','Tackle'),
('Nidorina','Tail Whip'),
('Nidorina','Take Down'),
('Nidorina','Thunder'),
('Nidorina','Thunderbolt'),
('Nidorina','Toxic'),
('Nidorina','Water Gun'),
('Nidorino','Double Kick'),
('Nidorino','Focus Energy'),
('Nidorino','Fury Attack'),
('Nidorino','Horn Attack'),
('Nidorino','Horn Attack'),
('Nidorino','Horn Drill'),
('Nidorino','Leer'),
('Nidorino','Poison Sting'),
('Nidorino','Tackle'),
('Nidorino','Bide'),
('Nidorino','Blizzard'),
('Nidorino','Body Slam'),
('Nidorino','BubbleBeam'),
('Nidorino','Double Kick'),
('Nidorino','Double Team'),
('Nidorino','Double-Edge'),
('Nidorino','Focus Energy'),
('Nidorino','Fury Attack'),
('Nidorino','Horn Attack'),
('Nidorino','Horn Attack'),
('Nidorino','Horn Drill'),
('Nidorino','Horn Drill'),
('Nidorino','Ice Beam'),
('Nidorino','Leer'),
('Nidorino','Mimic'),
('Nidorino','Poison Sting'),
('Nidorino','Rage'),
('Nidorino','Reflect'),
('Nidorino','Rest'),
('Nidorino','Skull Bash'),
('Nidorino','Substitute'),
('Nidorino','Tackle'),
('Nidorino','Take Down'),
('Nidorino','Thunder'),
('Nidorino','Thunderbolt'),
('Nidorino','Toxic'),
('Nidorino','Water Gun'),
('Ninetales','Ember'),
('Ninetales','Quick Attack'),
('Ninetales','Roar'),
('Ninetales','Tail Whip'),
('Ninetales','Bide'),
('Ninetales','Body Slam'),
('Ninetales','Dig'),
('Ninetales','Double Team'),
('Ninetales','Double-Edge'),
('Ninetales','Fire Blast'),
('Ninetales','Hyper Beam'),
('Ninetales','Mimic'),
('Ninetales','Rage'),
('Ninetales','Reflect'),
('Ninetales','Rest'),
('Ninetales','Skull Bash'),
('Ninetales','Substitute'),
('Ninetales','Swift'),
('Ninetales','Take Down'),
('Ninetales','Toxic'),
('Oddish','Absorb'),
('Oddish','Acid'),
('Oddish','Petal Dance'),
('Oddish','PoisonPowder'),
('Oddish','Sleep Powder'),
('Oddish','SolarBeam'),
('Oddish','Stun Spore'),
('Oddish','Bide'),
('Oddish','Cut'),
('Oddish','Double Team'),
('Oddish','Double-Edge'),
('Oddish','Mega Drain'),
('Oddish','Mimic'),
('Oddish','Rage'),
('Oddish','Reflect'),
('Oddish','Rest'),
('Oddish','SolarBeam'),
('Oddish','Substitute'),
('Oddish','Swords Dance'),
('Oddish','Take Down'),
('Oddish','Toxic'),
('Onix','Bind'),
('Onix','Harden'),
('Onix','Rage'),
('Onix','Rock Throw'),
('Onix','Screech'),
('Onix','Slam'),
('Onix','Tackle'),
('Onix','Bide'),
('Onix','Body Slam'),
('Onix','Dig'),
('Onix','Double Team'),
('Onix','Double-Edge'),
('Onix','Earthquake'),
('Onix','Explosion'),
('Onix','Fissure'),
('Onix','Mimic'),
('Onix','Rage'),
('Onix','Rest'),
('Onix','Rock Slide'),
('Onix','Selfdestruct'),
('Onix','Skull Bash'),
('Onix','Strength'),
('Onix','Substitute'),
('Onix','Take Down'),
('Onix','Toxic'),
('Paras','Growth'),
('Paras','Leech Life'),
('Paras','Scratch'),
('Paras','Slash'),
('Paras','Spore'),
('Paras','Stun Spore'),
('Paras','Bide'),
('Paras','Body Slam'),
('Paras','Cut'),
('Paras','Dig'),
('Paras','Double Team'),
('Paras','Double-Edge'),
('Paras','Mega Drain'),
('Paras','Mimic'),
('Paras','Rage'),
('Paras','Reflect'),
('Paras','Rest'),
('Paras','Skull Bash'),
('Paras','SolarBeam'),
('Paras','Substitute'),
('Paras','Swords Dance'),
('Paras','Take Down'),
('Paras','Toxic'),
('Parasect','Growth'),
('Parasect','Leech Life'),
('Parasect','Leech Life'),
('Parasect','Scratch'),
('Parasect','Slash'),
('Parasect','Spore'),
('Parasect','Stun Spore'),
('Parasect','Stun Spore'),
('Parasect','Bide'),
('Parasect','Body Slam'),
('Parasect','Cut'),
('Parasect','Dig'),
('Parasect','Double Team'),
('Parasect','Double-Edge'),
('Parasect','Hyper Beam'),
('Parasect','Mega Drain'),
('Parasect','Mimic'),
('Parasect','Rage'),
('Parasect','Reflect'),
('Parasect','Rest'),
('Parasect','Skull Bash'),
('Parasect','SolarBeam'),
('Parasect','Substitute'),
('Parasect','Swords Dance'),
('Parasect','Take Down'),
('Parasect','Toxic'),
('Persian','Bite'),
('Persian','Bite'),
('Persian','Fury Swipes'),
('Persian','Growl'),
('Persian','Pay Day'),
('Persian','Scratch'),
('Persian','Screech'),
('Persian','Screech'),
('Persian','Slash'),
('Persian','Bide'),
('Persian','Body Slam'),
('Persian','BubbleBeam'),
('Persian','Double Team'),
('Persian','Double-Edge'),
('Persian','Hyper Beam'),
('Persian','Mimic'),
('Persian','Pay Day'),
('Persian','Rage'),
('Persian','Rest'),
('Persian','Skull Bash'),
('Persian','Substitute'),
('Persian','Swift'),
('Persian','Take Down'),
('Persian','Thunder'),
('Persian','Thunderbolt'),
('Persian','Toxic'),
('Persian','Water Gun'),
('Pidgeot','Agility'),
('Pidgeot','Gust'),
('Pidgeot','Mirror Move'),
('Pidgeot','Quick Attack'),
('Pidgeot','Quick Attack'),
('Pidgeot','Sand-Attack'),
('Pidgeot','Sand-Attack'),
('Pidgeot','Whirlwind'),
('Pidgeot','Wing Attack'),
('Pidgeot','Bide'),
('Pidgeot','Double Team'),
('Pidgeot','Double-Edge'),
('Pidgeot','Fly'),
('Pidgeot','Hyper Beam'),
('Pidgeot','Mimic'),
('Pidgeot','Rage'),
('Pidgeot','Razor Wind'),
('Pidgeot','Reflect'),
('Pidgeot','Rest'),
('Pidgeot','Sky Attack'),
('Pidgeot','Substitute'),
('Pidgeot','Swift'),
('Pidgeot','Take Down'),
('Pidgeot','Toxic'),
('Pidgeot','Whirlwind'),
('Pidgeotto','Agility'),
('Pidgeotto','Gust'),
('Pidgeotto','Mirror Move'),
('Pidgeotto','Quick Attack'),
('Pidgeotto','Sand-Attack'),
('Pidgeotto','Sand-Attack'),
('Pidgeotto','Whirlwind'),
('Pidgeotto','Wing Attack'),
('Pidgeotto','Bide'),
('Pidgeotto','Double Team'),
('Pidgeotto','Double-Edge'),
('Pidgeotto','Fly'),
('Pidgeotto','Mimic'),
('Pidgeotto','Rage'),
('Pidgeotto','Razor Wind'),
('Pidgeotto','Reflect'),
('Pidgeotto','Rest'),
('Pidgeotto','Sky Attack'),
('Pidgeotto','Substitute'),
('Pidgeotto','Swift'),
('Pidgeotto','Take Down'),
('Pidgeotto','Toxic'),
('Pidgeotto','Whirlwind'),
('Pidgey','Agility'),
('Pidgey','Gust'),
('Pidgey','Mirror Move'),
('Pidgey','Quick Attack'),
('Pidgey','Sand-Attack'),
('Pidgey','Whirlwind'),
('Pidgey','Wing Attack'),
('Pidgey','Bide'),
('Pidgey','Double Team'),
('Pidgey','Double-Edge'),
('Pidgey','Fly'),
('Pidgey','Mimic'),
('Pidgey','Rage'),
('Pidgey','Razor Wind'),
('Pidgey','Reflect'),
('Pidgey','Rest'),
('Pidgey','Sky Attack'),
('Pidgey','Substitute'),
('Pidgey','Swift'),
('Pidgey','Take Down'),
('Pidgey','Toxic'),
('Pidgey','Whirlwind'),
('Pikachu','Agility'),
('Pikachu','Double Team'),
('Pikachu','Growl'),
('Pikachu','Light Screen'),
('Pikachu','Quick Attack'),
('Pikachu','Slam'),
('Pikachu','Swift'),
('Pikachu','Tail Whip'),
('Pikachu','Thunder'),
('Pikachu','Thunder Wave'),
('Pikachu','Thunderbolt'),
('Pikachu','ThunderShock'),
('Pikachu','Agility'),
('Pikachu','Bide'),
('Pikachu','Body Slam'),
('Pikachu','Double Team'),
('Pikachu','Double Team'),
('Pikachu','Double-Edge'),
('Pikachu','Flash'),
('Pikachu','Growl'),
('Pikachu','Light Screen'),
('Pikachu','Mega Kick'),
('Pikachu','Mega Punch'),
('Pikachu','Mimic'),
('Pikachu','Pay Day'),
('Pikachu','Quick Attack'),
('Pikachu','Rage'),
('Pikachu','Reflect'),
('Pikachu','Rest'),
('Pikachu','Seismic Toss'),
('Pikachu','Skull Bash'),
('Pikachu','Slam'),
('Pikachu','Submission'),
('Pikachu','Substitute'),
('Pikachu','Swift'),
('Pikachu','Swift'),
('Pikachu','Tail Whip'),
('Pikachu','Take Down'),
('Pikachu','Thunder'),
('Pikachu','Thunder'),
('Pikachu','Thunder Wave'),
('Pikachu','Thunder Wave'),
('Pikachu','Thunderbolt'),
('Pikachu','Thunderbolt'),
('Pikachu','ThunderShock'),
('Pikachu','Toxic'),
('Pokemon','moves'),
('Poliwag','Amnesia'),
('Poliwag','Body Slam'),
('Poliwag','Bubble'),
('Poliwag','DoubleSlap'),
('Poliwag','Hydro Pump'),
('Poliwag','Hypnosis'),
('Poliwag','Water Gun'),
('Poliwag','Bide'),
('Poliwag','Blizzard'),
('Poliwag','Body Slam'),
('Poliwag','BubbleBeam'),
('Poliwag','Double Team'),
('Poliwag','Double-Edge'),
('Poliwag','Ice Beam'),
('Poliwag','Mimic'),
('Poliwag','Psychic'),
('Poliwag','Psywave'),
('Poliwag','Rage'),
('Poliwag','Rest'),
('Poliwag','Skull Bash'),
('Poliwag','Substitute'),
('Poliwag','Surf'),
('Poliwag','Take Down'),
('Poliwag','Toxic'),
('Poliwag','Water Gun'),
('Poliwhirl','Amnesia'),
('Poliwhirl','Body Slam'),
('Poliwhirl','Bubble'),
('Poliwhirl','DoubleSlap'),
('Poliwhirl','Hydro Pump'),
('Poliwhirl','Hypnosis'),
('Poliwhirl','Hypnosis'),
('Poliwhirl','Water Gun'),
('Poliwhirl','Water Gun'),
('Poliwhirl','Bide'),
('Poliwhirl','Blizzard'),
('Poliwhirl','Body Slam'),
('Poliwhirl','BubbleBeam'),
('Poliwhirl','Counter'),
('Poliwhirl','Double Team'),
('Poliwhirl','Double-Edge'),
('Poliwhirl','Earthquake'),
('Poliwhirl','Fissure'),
('Poliwhirl','Ice Beam'),
('Poliwhirl','Mega Kick'),
('Poliwhirl','Mega Punch'),
('Poliwhirl','Metronome'),
('Poliwhirl','Mimic'),
('Poliwhirl','Psychic'),
('Poliwhirl','Psywave'),
('Poliwhirl','Rage'),
('Poliwhirl','Rest'),
('Poliwhirl','Seismic Toss'),
('Poliwhirl','Skull Bash'),
('Poliwhirl','Strength'),
('Poliwhirl','Submission'),
('Poliwhirl','Substitute'),
('Poliwhirl','Surf'),
('Poliwhirl','Take Down'),
('Poliwhirl','Toxic'),
('Poliwhirl','Water Gun'),
('Poliwrath','Body Slam'),
('Poliwrath','DoubleSlap'),
('Poliwrath','Hypnosis'),
('Poliwrath','Hypnosis'),
('Poliwrath','Water Gun'),
('Poliwrath','Water Gun'),
('Poliwrath','Bide'),
('Poliwrath','Blizzard'),
('Poliwrath','Body Slam'),
('Poliwrath','BubbleBeam'),
('Poliwrath','Counter'),
('Poliwrath','Double Team'),
('Poliwrath','Double-Edge'),
('Poliwrath','Earthquake'),
('Poliwrath','Fissure'),
('Poliwrath','Hyper Beam'),
('Poliwrath','Ice Beam'),
('Poliwrath','Mega Kick'),
('Poliwrath','Mega Punch'),
('Poliwrath','Metronome'),
('Poliwrath','Mimic'),
('Poliwrath','Psychic'),
('Poliwrath','Psywave'),
('Poliwrath','Rage'),
('Poliwrath','Rest'),
('Poliwrath','Seismic Toss'),
('Poliwrath','Skull Bash'),
('Poliwrath','Strength'),
('Poliwrath','Submission'),
('Poliwrath','Substitute'),
('Poliwrath','Surf'),
('Poliwrath','Take Down'),
('Poliwrath','Toxic'),
('Poliwrath','Water Gun'),
('Ponyta','Agility'),
('Ponyta','Ember'),
('Ponyta','Fire Spin'),
('Ponyta','Growl'),
('Ponyta','Stomp'),
('Ponyta','Tail Whip'),
('Ponyta','Take Down'),
('Ponyta','Bide'),
('Ponyta','Body Slam'),
('Ponyta','Double Team'),
('Ponyta','Double-Edge'),
('Ponyta','Fire Blast'),
('Ponyta','Horn Drill'),
('Ponyta','Mimic'),
('Ponyta','Rage'),
('Ponyta','Reflect'),
('Ponyta','Rest'),
('Ponyta','Skull Bash'),
('Ponyta','Substitute'),
('Ponyta','Swift'),
('Ponyta','Take Down'),
('Ponyta','Toxic'),
('Primeape','Focus Energy'),
('Primeape','Fury Swipes'),
('Primeape','Fury Swipes'),
('Primeape','Karate Chop'),
('Primeape','Karate Chop'),
('Primeape','Leer'),
('Primeape','Low Kick'),
('Primeape','Low Kick'),
('Primeape','Rage'),
('Primeape','Scratch'),
('Primeape','Screech'),
('Primeape','Seismic Toss'),
('Primeape','Thrash'),
('Primeape','Bide'),
('Primeape','Body Slam'),
('Primeape','Counter'),
('Primeape','Dig'),
('Primeape','Double Team'),
('Primeape','Double-Edge'),
('Primeape','Focus Energy'),
('Primeape','Fury Swipes'),
('Primeape','Fury Swipes'),
('Primeape','Hyper Beam'),
('Primeape','Karate Chop'),
('Primeape','Karate Chop'),
('Primeape','Leer'),
('Primeape','Low Kick'),
('Primeape','Low Kick'),
('Primeape','Mega Kick'),
('Primeape','Mega Punch'),
('Primeape','Metronome'),
('Primeape','Mimic'),
('Primeape','Pay Day'),
('Primeape','Rage'),
('Primeape','Rage'),
('Primeape','Rest'),
('Primeape','Rock Slide'),
('Primeape','Scratch'),
('Primeape','Screech'),
('Primeape','Seismic Toss'),
('Primeape','Seismic Toss'),
('Primeape','Skull Bash'),
('Primeape','Strength'),
('Primeape','Submission'),
('Primeape','Substitute'),
('Primeape','Swift'),
('Primeape','Take Down'),
('Primeape','Thrash'),
('Primeape','Thunder'),
('Primeape','Thunderbolt'),
('Primeape','Toxic'),
('Psyduck','Confusion'),
('Psyduck','Disable'),
('Psyduck','Fury Swipes'),
('Psyduck','Hydro Pump'),
('Psyduck','Scratch'),
('Psyduck','Tail Whip'),
('Psyduck','Bide'),
('Psyduck','Blizzard'),
('Psyduck','Body Slam'),
('Psyduck','BubbleBeam'),
('Psyduck','Counter'),
('Psyduck','Dig'),
('Psyduck','Double Team'),
('Psyduck','Double-Edge'),
('Psyduck','Ice Beam'),
('Psyduck','Mega Kick'),
('Psyduck','Mega Punch'),
('Psyduck','Mimic'),
('Psyduck','Pay Day'),
('Psyduck','Rage'),
('Psyduck','Rest'),
('Psyduck','Seismic Toss'),
('Psyduck','Skull Bash'),
('Psyduck','Strength'),
('Psyduck','Submission'),
('Psyduck','Substitute'),
('Psyduck','Surf'),
('Psyduck','Swift'),
('Psyduck','Take Down'),
('Psyduck','Toxic'),
('Psyduck','Water Gun'),
('Raichu','Growl'),
('Raichu','Thunder Wave'),
('Raichu','ThunderShock'),
('Raichu','Bide'),
('Raichu','Body Slam'),
('Raichu','Double Team'),
('Raichu','Double-Edge'),
('Raichu','Flash'),
('Raichu','Hyper Beam'),
('Raichu','Mega Kick'),
('Raichu','Mega Punch'),
('Raichu','Mimic'),
('Raichu','Pay Day'),
('Raichu','Rage'),
('Raichu','Reflect'),
('Raichu','Rest'),
('Raichu','Seismic Toss'),
('Raichu','Skull Bash'),
('Raichu','Submission'),
('Raichu','Substitute'),
('Raichu','Swift'),
('Raichu','Take Down'),
('Raichu','Thunder'),
('Raichu','Thunder Wave'),
('Raichu','Thunderbolt'),
('Raichu','Toxic'),
('Rapidash','Agility'),
('Rapidash','Ember'),
('Rapidash','Fire Spin'),
('Rapidash','Growl'),
('Rapidash','Growl'),
('Rapidash','Stomp'),
('Rapidash','Stomp'),
('Rapidash','Tail Whip'),
('Rapidash','Tail Whip'),
('Rapidash','Take Down'),
('Rapidash','Bide'),
('Rapidash','Body Slam'),
('Rapidash','Double Team'),
('Rapidash','Double-Edge'),
('Rapidash','Fire Blast'),
('Rapidash','Horn Drill'),
('Rapidash','Hyper Beam'),
('Rapidash','Mimic'),
('Rapidash','Rage'),
('Rapidash','Reflect'),
('Rapidash','Rest'),
('Rapidash','Skull Bash'),
('Rapidash','Substitute'),
('Rapidash','Swift'),
('Rapidash','Take Down'),
('Rapidash','Toxic'),
('Raticate','Focus Energy'),
('Raticate','Hyper Fang'),
('Raticate','Quick Attack'),
('Raticate','Quick Attack'),
('Raticate','Super Fang'),
('Raticate','Tackle'),
('Raticate','Tail Whip'),
('Raticate','Bide'),
('Raticate','Blizzard'),
('Raticate','Body Slam'),
('Raticate','BubbleBeam'),
('Raticate','Dig'),
('Raticate','Double Team'),
('Raticate','Double-Edge'),
('Raticate','Hyper Beam'),
('Raticate','Ice Beam'),
('Raticate','Mimic'),
('Raticate','Rage'),
('Raticate','Rest'),
('Raticate','Skull Bash'),
('Raticate','Substitute'),
('Raticate','Swift'),
('Raticate','Take Down'),
('Raticate','Thunder'),
('Raticate','Thunderbolt'),
('Raticate','Toxic'),
('Raticate','Water Gun'),
('Rattata','Focus Energy'),
('Rattata','Hyper Fang'),
('Rattata','Quick Attack'),
('Rattata','Super Fang'),
('Rattata','Tackle'),
('Rattata','Tail Whip'),
('Rattata','Bide'),
('Rattata','Blizzard'),
('Rattata','Body Slam'),
('Rattata','BubbleBeam'),
('Rattata','Dig'),
('Rattata','Double Team'),
('Rattata','Double-Edge'),
('Rattata','Mimic'),
('Rattata','Rage'),
('Rattata','Rest'),
('Rattata','Skull Bash'),
('Rattata','Substitute'),
('Rattata','Swift'),
('Rattata','Take Down'),
('Rattata','Thunder'),
('Rattata','Thunderbolt'),
('Rattata','Toxic'),
('Rattata','Water Gun'),
('Sandshrew','Fury Swipes'),
('Sandshrew','Poison Sting'),
('Sandshrew','Sand-Attack'),
('Sandshrew','Scratch'),
('Sandshrew','Slash'),
('Sandshrew','Swift'),
('Sandshrew','Bide'),
('Sandshrew','Body Slam'),
('Sandshrew','Cut'),
('Sandshrew','Dig'),
('Sandshrew','Double Team'),
('Sandshrew','Double-Edge'),
('Sandshrew','Earthquake'),
('Sandshrew','Fissure'),
('Sandshrew','Mimic'),
('Sandshrew','Rage'),
('Sandshrew','Rest'),
('Sandshrew','Rock Slide'),
('Sandshrew','Seismic Toss'),
('Sandshrew','Skull Bash'),
('Sandshrew','Strength'),
('Sandshrew','Submission'),
('Sandshrew','Substitute'),
('Sandshrew','Swift'),
('Sandshrew','Swords Dance'),
('Sandshrew','Take Down'),
('Sandshrew','Toxic'),
('Sandslash','Bide'),
('Sandslash','Body Slam'),
('Sandslash','Cut'),
('Sandslash','Dig'),
('Sandslash','Double Team'),
('Sandslash','Double-Edge'),
('Sandslash','Earthquake'),
('Sandslash','Fissure'),
('Sandslash','Hyper Beam'),
('Sandslash','Mimic'),
('Sandslash','Rage'),
('Sandslash','Rest'),
('Sandslash','Rock Slide'),
('Sandslash','Seismic Toss'),
('Sandslash','Skull Bash'),
('Sandslash','Strength'),
('Sandslash','Submission'),
('Sandslash','Substitute'),
('Sandslash','Swift'),
('Sandslash','Swords Dance'),
('Sandslash','Take Down'),
('Sandslash','Toxic'),
('Seel','Aurora Beam'),
('Seel','Growl'),
('Seel','Headbutt'),
('Seel','Ice Beam'),
('Seel','Rest'),
('Seel','Take Down'),
('Seel','Bide'),
('Seel','Blizzard'),
('Seel','Body Slam'),
('Seel','BubbleBeam'),
('Seel','Double Team'),
('Seel','Double-Edge'),
('Seel','Horn Drill'),
('Seel','Ice Beam'),
('Seel','Mimic'),
('Seel','Pay Day'),
('Seel','Rage'),
('Seel','Rest'),
('Seel','Skull Bash'),
('Seel','Strength'),
('Seel','Substitute'),
('Seel','Surf'),
('Seel','Take Down'),
('Seel','Toxic'),
('Seel','Water Gun'),
('Shellder','Aurora Beam'),
('Shellder','Clamp'),
('Shellder','Ice Beam'),
('Shellder','Leer'),
('Shellder','Supersonic'),
('Shellder','Tackle'),
('Shellder','Withdraw'),
('Shellder','Bide'),
('Shellder','Blizzard'),
('Shellder','BubbleBeam'),
('Shellder','Double Team'),
('Shellder','Double-Edge'),
('Shellder','Explosion'),
('Shellder','Ice Beam'),
('Shellder','Mimic'),
('Shellder','Rage'),
('Shellder','Reflect'),
('Shellder','Rest'),
('Shellder','Selfdestruct'),
('Shellder','Substitute'),
('Shellder','Surf'),
('Shellder','Swift'),
('Shellder','Take Down'),
('Shellder','Teleport'),
('Shellder','Toxic'),
('Shellder','Tri Attack'),
('Shellder','Water Gun'),
('Slowbro','Amnesia'),
('Slowbro','Confusion'),
('Slowbro','Disable'),
('Slowbro','Disable'),
('Slowbro','Growl'),
('Slowbro','Headbutt'),
('Slowbro','Headbutt'),
('Slowbro','Psychic'),
('Slowbro','Water Gun'),
('Slowbro','Withdraw'),
('Slowbro','Bide'),
('Slowbro','Blizzard'),
('Slowbro','Body Slam'),
('Slowbro','BubbleBeam'),
('Slowbro','Counter'),
('Slowbro','Dig'),
('Slowbro','Double Team'),
('Slowbro','Double-Edge'),
('Slowbro','Earthquake'),
('Slowbro','Fire Blast'),
('Slowbro','Fissure'),
('Slowbro','Flash'),
('Slowbro','Hyper Beam'),
('Slowbro','Ice Beam'),
('Slowbro','Mega Kick'),
('Slowbro','Mega Punch'),
('Slowbro','Mimic'),
('Slowbro','Pay Day'),
('Slowbro','Psychic'),
('Slowbro','Psywave'),
('Slowbro','Rage'),
('Slowbro','Reflect'),
('Slowbro','Rest'),
('Slowbro','Seismic Toss'),
('Slowbro','Skull Bash'),
('Slowbro','Strength'),
('Slowbro','Submission'),
('Slowbro','Substitute'),
('Slowbro','Surf'),
('Slowbro','Swift'),
('Slowbro','Take Down'),
('Slowbro','Teleport'),
('Slowbro','Thunder Wave'),
('Slowbro','Toxic'),
('Slowbro','Tri Attack'),
('Slowbro','Water Gun'),
('Slowpoke','Amnesia'),
('Slowpoke','Confusion'),
('Slowpoke','Disable'),
('Slowpoke','Growl'),
('Slowpoke','Headbutt'),
('Slowpoke','Psychic'),
('Slowpoke','Water Gun'),
('Slowpoke','Bide'),
('Slowpoke','Blizzard'),
('Slowpoke','Body Slam'),
('Slowpoke','BubbleBeam'),
('Slowpoke','Dig'),
('Slowpoke','Double Team'),
('Slowpoke','Double-Edge'),
('Slowpoke','Earthquake'),
('Slowpoke','Fire Blast'),
('Slowpoke','Fissure'),
('Slowpoke','Flash'),
('Slowpoke','Ice Beam'),
('Slowpoke','Mimic'),
('Slowpoke','Pay Day'),
('Slowpoke','Psychic'),
('Slowpoke','Psywave'),
('Slowpoke','Rage'),
('Slowpoke','Reflect'),
('Slowpoke','Rest'),
('Slowpoke','Skull Bash'),
('Slowpoke','Strength'),
('Slowpoke','Substitute'),
('Slowpoke','Surf'),
('Slowpoke','Swift'),
('Slowpoke','Take Down'),
('Slowpoke','Teleport'),
('Slowpoke','Thunder Wave'),
('Slowpoke','Toxic'),
('Slowpoke','Tri Attack'),
('Slowpoke','Water Gun'),
('Spearow','Agility'),
('Spearow','Drill Peck'),
('Spearow','Fury Attack'),
('Spearow','Growl'),
('Spearow','Leer'),
('Spearow','Mirror Move'),
('Spearow','Peck'),
('Spearow','Bide'),
('Spearow','Double Team'),
('Spearow','Double-Edge'),
('Spearow','Fly'),
('Spearow','Mimic'),
('Spearow','Rage'),
('Spearow','Razor Wind'),
('Spearow','Rest'),
('Spearow','Sky Attack'),
('Spearow','Substitute'),
('Spearow','Swift'),
('Spearow','Take Down'),
('Spearow','Toxic'),
('Spearow','Whirlwind'),
('Squirtle','Bite'),
('Squirtle','Bubble'),
('Squirtle','Hydro Pump'),
('Squirtle','Skull Bash'),
('Squirtle','Tackle'),
('Squirtle','Tail Whip'),
('Squirtle','Water Gun'),
('Squirtle','Withdraw'),
('Squirtle','Bide'),
('Squirtle','Blizzard'),
('Squirtle','Body Slam'),
('Squirtle','BubbleBeam'),
('Squirtle','Counter'),
('Squirtle','Dig'),
('Squirtle','Double Team'),
('Squirtle','Double-Edge'),
('Squirtle','Ice Beam'),
('Squirtle','Mega Kick'),
('Squirtle','Mega Punch'),
('Squirtle','Mimic'),
('Squirtle','Rage'),
('Squirtle','Reflect'),
('Squirtle','Rest'),
('Squirtle','Seismic Toss'),
('Squirtle','Skull Bash'),
('Squirtle','Strength'),
('Squirtle','Submission'),
('Squirtle','Substitute'),
('Squirtle','Surf'),
('Squirtle','Take Down'),
('Squirtle','Toxic'),
('Squirtle','Water Gun'),
('Tentacool','Acid'),
('Tentacool','Barrier'),
('Tentacool','Constrict'),
('Tentacool','Hydro Pump'),
('Tentacool','Poison Sting'),
('Tentacool','Screech'),
('Tentacool','Supersonic'),
('Tentacool','Water Gun'),
('Tentacool','Wrap'),
('Tentacool','Bide'),
('Tentacool','Blizzard'),
('Tentacool','BubbleBeam'),
('Tentacool','Cut'),
('Tentacool','Double Team'),
('Tentacool','Double-Edge'),
('Tentacool','Ice Beam'),
('Tentacool','Mega Drain'),
('Tentacool','Mimic'),
('Tentacool','Rage'),
('Tentacool','Reflect'),
('Tentacool','Rest'),
('Tentacool','Skull Bash'),
('Tentacool','Substitute'),
('Tentacool','Surf'),
('Tentacool','Swords Dance'),
('Tentacool','Take Down'),
('Tentacool','Toxic'),
('Tentacool','Water Gun'),
('Tentacruel','Bide'),
('Tentacruel','Blizzard'),
('Tentacruel','BubbleBeam'),
('Tentacruel','Cut'),
('Tentacruel','Double Team'),
('Tentacruel','Double-Edge'),
('Tentacruel','Hyper Beam'),
('Tentacruel','Ice Beam'),
('Tentacruel','Mega Drain'),
('Tentacruel','Mimic'),
('Tentacruel','Rage'),
('Tentacruel','Reflect'),
('Tentacruel','Rest'),
('Tentacruel','Skull Bash'),
('Tentacruel','Substitute'),
('Tentacruel','Surf'),
('Tentacruel','Swords Dance'),
('Tentacruel','Take Down'),
('Tentacruel','Toxic'),
('Tentacruel','Water Gun'),
('Venomoth','Confusion'),
('Venomoth','Disable'),
('Venomoth','Leech Life'),
('Venomoth','Leech Life'),
('Venomoth','PoisonPowder'),
('Venomoth','PoisonPowder'),
('Venomoth','Psybeam'),
('Venomoth','Psychic'),
('Venomoth','Sleep Powder'),
('Venomoth','Stun Spore'),
('Venomoth','Supersonic'),
('Venomoth','Tackle'),
('Venomoth','Bide'),
('Venomoth','Confusion'),
('Venomoth','Disable'),
('Venomoth','Double Team'),
('Venomoth','Double-Edge'),
('Venomoth','Flash'),
('Venomoth','Hyper Beam'),
('Venomoth','Leech Life'),
('Venomoth','Leech Life'),
('Venomoth','Mega Drain'),
('Venomoth','Mimic'),
('Venomoth','PoisonPowder'),
('Venomoth','PoisonPowder'),
('Venomoth','Psybeam'),
('Venomoth','Psychic'),
('Venomoth','Psychic'),
('Venomoth','Psywave'),
('Venomoth','Rage'),
('Venomoth','Razor Wind'),
('Venomoth','Reflect'),
('Venomoth','Rest'),
('Venomoth','Sleep Powder'),
('Venomoth','SolarBeam'),
('Venomoth','Stun Spore'),
('Venomoth','Substitute'),
('Venomoth','Supersonic'),
('Venomoth','Swift'),
('Venomoth','Tackle'),
('Venomoth','Take Down'),
('Venomoth','Teleport'),
('Venomoth','Toxic'),
('Venomoth','Whirlwind'),
('Venonat','Confusion'),
('Venonat','Disable'),
('Venonat','Leech Life'),
('Venonat','PoisonPowder'),
('Venonat','Psybeam'),
('Venonat','Psychic'),
('Venonat','Sleep Powder'),
('Venonat','Stun Spore'),
('Venonat','Supersonic'),
('Venonat','Tackle'),
('Venonat','Bide'),
('Venonat','Confusion'),
('Venonat','Disable'),
('Venonat','Double Team'),
('Venonat','Double-Edge'),
('Venonat','Flash'),
('Venonat','Leech Life'),
('Venonat','Mega Drain'),
('Venonat','Mimic'),
('Venonat','PoisonPowder'),
('Venonat','Psybeam'),
('Venonat','Psychic'),
('Venonat','Psychic'),
('Venonat','Psywave'),
('Venonat','Rage'),
('Venonat','Reflect'),
('Venonat','Rest'),
('Venonat','Sleep Powder'),
('Venonat','SolarBeam'),
('Venonat','Stun Spore'),
('Venonat','Substitute'),
('Venonat','Supersonic'),
('Venonat','Tackle'),
('Venonat','Take Down'),
('Venonat','Toxic'),
('Venusaur','Growl'),
('Venusaur','Growth'),
('Venusaur','Leech Seed'),
('Venusaur','Leech Seed'),
('Venusaur','PoisonPowder'),
('Venusaur','Razor Leaf'),
('Venusaur','Sleep Powder'),
('Venusaur','SolarBeam'),
('Venusaur','Tackle'),
('Venusaur','Vine Whip'),
('Venusaur','Vine Whip'),
('Venusaur','Bide'),
('Venusaur','Body Slam'),
('Venusaur','Cut'),
('Venusaur','Double Team'),
('Venusaur','Double-Edge'),
('Venusaur','Hyper Beam'),
('Venusaur','Mega Drain'),
('Venusaur','Mimic'),
('Venusaur','Rage'),
('Venusaur','Reflect'),
('Venusaur','Rest'),
('Venusaur','SolarBeam'),
('Venusaur','Substitute'),
('Venusaur','Swords Dance'),
('Venusaur','Take Down'),
('Venusaur','Toxic'),
('Victreebel','Acid'),
('Victreebel','PoisonPowder'),
('Victreebel','Razor Leaf'),
('Victreebel','Sleep Powder'),
('Victreebel','Sleep Powder'),
('Victreebel','Stun Spore'),
('Victreebel','Wrap'),
('Victreebel','Bide'),
('Victreebel','Body Slam'),
('Victreebel','Cut'),
('Victreebel','Double Team'),
('Victreebel','Double-Edge'),
('Victreebel','Hyper Beam'),
('Victreebel','Mega Drain'),
('Victreebel','Mimic'),
('Victreebel','Rage'),
('Victreebel','Reflect'),
('Victreebel','Rest'),
('Victreebel','SolarBeam'),
('Victreebel','Substitute'),
('Victreebel','Swords Dance'),
('Victreebel','Take Down'),
('Victreebel','Toxic'),
('Vileplume','Acid'),
('Vileplume','Petal Dance'),
('Vileplume','PoisonPowder'),
('Vileplume','Sleep Powder'),
('Vileplume','Sleep Powder'),
('Vileplume','Stun Spore'),
('Vileplume','Stun Spore'),
('Vileplume','Bide'),
('Vileplume','Body Slam'),
('Vileplume','Cut'),
('Vileplume','Double Team'),
('Vileplume','Double-Edge'),
('Vileplume','Hyper Beam'),
('Vileplume','Mega Drain'),
('Vileplume','Mimic'),
('Vileplume','Rage'),
('Vileplume','Reflect'),
('Vileplume','Rest'),
('Vileplume','SolarBeam'),
('Vileplume','Substitute'),
('Vileplume','Swords Dance'),
('Vileplume','Take Down'),
('Vileplume','Toxic'),
('Vulpix','Confuse Ray'),
('Vulpix','Ember'),
('Vulpix','Fire Spin'),
('Vulpix','Flamethrower'),
('Vulpix','Quick Attack'),
('Vulpix','Roar'),
('Vulpix','Tail Whip'),
('Vulpix','Bide'),
('Vulpix','Body Slam'),
('Vulpix','Dig'),
('Vulpix','Double Team'),
('Vulpix','Double-Edge'),
('Vulpix','Fire Blast'),
('Vulpix','Mimic'),
('Vulpix','Rage'),
('Vulpix','Reflect'),
('Vulpix','Rest'),
('Vulpix','Skull Bash'),
('Vulpix','Substitute'),
('Vulpix','Swift'),
('Vulpix','Take Down'),
('Vulpix','Toxic'),
('Wartortle','Bite'),
('Wartortle','Bubble'),
('Wartortle','Bubble'),
('Wartortle','Hydro Pump'),
('Wartortle','Skull Bash'),
('Wartortle','Tackle'),
('Wartortle','Tail Whip'),
('Wartortle','Water Gun'),
('Wartortle','Withdraw'),
('Wartortle','Bide'),
('Wartortle','Blizzard'),
('Wartortle','Body Slam'),
('Wartortle','BubbleBeam'),
('Wartortle','Counter'),
('Wartortle','Dig'),
('Wartortle','Double Team'),
('Wartortle','Double-Edge'),
('Wartortle','Ice Beam'),
('Wartortle','Mega Kick'),
('Wartortle','Mega Punch'),
('Wartortle','Mimic'),
('Wartortle','Rage'),
('Wartortle','Reflect'),
('Wartortle','Rest'),
('Wartortle','Seismic Toss'),
('Wartortle','Skull Bash'),
('Wartortle','Strength'),
('Wartortle','Submission'),
('Wartortle','Substitute'),
('Wartortle','Surf'),
('Wartortle','Take Down'),
('Wartortle','Toxic'),
('Wartortle','Water Gun'),
('Weepinbell','Acid'),
('Weepinbell','Growth'),
('Weepinbell','PoisonPowder'),
('Weepinbell','Razor Leaf'),
('Weepinbell','Slam'),
('Weepinbell','Sleep Powder'),
('Weepinbell','Stun Spore'),
('Weepinbell','Vine Whip'),
('Weepinbell','Wrap'),
('Weepinbell','Wrap'),
('Weepinbell','Bide'),
('Weepinbell','Cut'),
('Weepinbell','Double Team'),
('Weepinbell','Double-Edge'),
('Weepinbell','Mega Drain'),
('Weepinbell','Mimic'),
('Weepinbell','Rage'),
('Weepinbell','Reflect'),
('Weepinbell','Rest'),
('Weepinbell','SolarBeam'),
('Weepinbell','Substitute'),
('Weepinbell','Swords Dance'),
('Weepinbell','Take Down'),
('Weepinbell','Toxic'),
('Wigglytuff','Defense Curl'),
('Wigglytuff','Disable'),
('Wigglytuff','DoubleSlap'),
('Wigglytuff','Sing'),
('Wigglytuff','Bide'),
('Wigglytuff','Blizzard'),
('Wigglytuff','Body Slam'),
('Wigglytuff','BubbleBeam'),
('Wigglytuff','Counter'),
('Wigglytuff','Double Team'),
('Wigglytuff','Double-Edge'),
('Wigglytuff','Fire Blast'),
('Wigglytuff','Flash'),
('Wigglytuff','Hyper Beam'),
('Wigglytuff','Ice Beam'),
('Wigglytuff','Mega Kick'),
('Wigglytuff','Mega Punch'),
('Wigglytuff','Mimic'),
('Wigglytuff','Psychic'),
('Wigglytuff','Psywave'),
('Wigglytuff','Rage'),
('Wigglytuff','Reflect'),
('Wigglytuff','Rest'),
('Wigglytuff','Seismic Toss'),
('Wigglytuff','Skull Bash'),
('Wigglytuff','SolarBeam'),
('Wigglytuff','Strength'),
('Wigglytuff','Submission'),
('Wigglytuff','Substitute'),
('Wigglytuff','Take Down'),
('Wigglytuff','Teleport'),
('Wigglytuff','Thunder'),
('Wigglytuff','Thunder Wave'),
('Wigglytuff','Thunderbolt'),
('Wigglytuff','Toxic'),
('Wigglytuff','Tri Attack'),
('Wigglytuff','Water Gun'),
('Zubat','Bite'),
('Zubat','Confuse Ray'),
('Zubat','Haze'),
('Zubat','Leech Life'),
('Zubat','Supersonic'),
('Zubat','Wing Attack'),
('Zubat','Bide'),
('Zubat','Double Team'),
('Zubat','Double-Edge'),
('Zubat','Mega Drain'),
('Zubat','Mimic'),
('Zubat','Rage'),
('Zubat','Razor Wind'),
('Zubat','Rest'),
('Zubat','Substitute'),
('Zubat','Swift'),
('Zubat','Take Down'),
('Zubat','Toxic'),
('Zubat','Whirlwind');


INSERT INTO types(typename) VALUES
('normal'),
('fire'),
('water'),
('electric'),
('grass'),
('ice'),
('fighting'),
('poison'),
('ground'),
('flying'),
('psychic'),
('bug'),
('rock'),
('ghost'),
('dragon'),
('dark'),
('steel'),
('fairy');


-- Normal type interactions
INSERT INTO typeeffective (attackingtype, defendingtype, damagemultiplier) VALUES
('normal', 'normal', 1),
('normal', 'fire', 1),
('normal', 'water', 1),
('normal', 'electric', 1),
('normal', 'grass', 1),
('normal', 'ice', 1),
('normal', 'fighting', 2),
('normal', 'poison', 1),
('normal', 'ground', 1),
('normal', 'flying', 1),
('normal', 'psychic', 1),
('normal', 'bug', 1),
('normal', 'rock', 0.5),
('normal', 'ghost', 0),
('normal', 'dragon', 1),
('normal', 'dark', 1),
('normal', 'steel', 0.5),
('normal', 'fairy', 1);

-- Fire type interactions
INSERT INTO typeeffective (attackingtype, defendingtype, damagemultiplier) VALUES
('fire', 'normal', 1),
('fire', 'fire', 0.5),
('fire', 'water', 0.5),
('fire', 'electric', 1),
('fire', 'grass', 2),
('fire', 'ice', 2),
('fire', 'fighting', 1),
('fire', 'poison', 1),
('fire', 'ground', 1),
('fire', 'flying', 1),
('fire', 'psychic', 1),
('fire', 'bug', 2),
('fire', 'rock', 0.5),
('fire', 'ghost', 1),
('fire', 'dragon', 0.5),
('fire', 'dark', 1),
('fire', 'steel', 2),
('fire', 'fairy', 1);

-- Water type interactions
INSERT INTO typeeffective (attackingtype, defendingtype, damagemultiplier) VALUES
('water', 'normal', 1),
('water', 'fire', 2),
('water', 'water', 0.5),
('water', 'electric', 1),
('water', 'grass', 0.5),
('water', 'ice', 1),
('water', 'fighting', 1),
('water', 'poison', 1),
('water', 'ground', 2),
('water', 'flying', 1),
('water', 'psychic', 1),
('water', 'bug', 1),
('water', 'rock', 2),
('water', 'ghost', 1),
('water', 'dragon', 0.5),
('water', 'dark', 1),
('water', 'steel', 1),
('water', 'fairy', 1);

-- Electric type interactions
INSERT INTO typeeffective (attackingtype, defendingtype, damagemultiplier) VALUES
('electric', 'normal', 1),
('electric', 'fire', 1),
('electric', 'water', 2),
('electric', 'electric', 0.5),
('electric', 'grass', 0.5),
('electric', 'ice', 1),
('electric', 'fighting', 1),
('electric', 'poison', 1),
('electric', 'ground', 0),
('electric', 'flying', 2),
('electric', 'psychic', 1),
('electric', 'bug', 1),
('electric', 'rock', 1),
('electric', 'ghost', 1),
('electric', 'dragon', 0.5),
('electric', 'dark', 1),
('electric', 'steel', 1),
('electric', 'fairy', 1);

-- Grass type interactions
INSERT INTO typeeffective (attackingtype, defendingtype, damagemultiplier) VALUES
('grass', 'normal', 1),
('grass', 'fire', 0.5),
('grass', 'water', 2),
('grass', 'electric', 2),
('grass', 'grass', 0.5),
('grass', 'ice', 2),
('grass', 'fighting', 1),
('grass', 'poison', 0.5),
('grass', 'ground', 2),
('grass', 'flying', 0.5),
('grass', 'psychic', 1),
('grass', 'bug', 0.5),
('grass', 'rock', 2),
('grass', 'ghost', 1),
('grass', 'dragon', 0.5),
('grass', 'dark', 1),
('grass', 'steel', 0.5),
('grass', 'fairy', 1);

-- Ice type interactions
INSERT INTO typeeffective (attackingtype, defendingtype, damagemultiplier) VALUES
('ice', 'normal', 1),
('ice', 'fire', 0.5),
('ice', 'water', 0.5),
('ice', 'electric', 1),
('ice', 'grass', 1),
('ice', 'ice', 0.5),
('ice', 'fighting', 1),
('ice', 'poison', 1),
('ice', 'ground', 1),
('ice', 'flying', 2),
('ice', 'psychic', 1),
('ice', 'bug', 1),
('ice', 'rock', 1),
('ice', 'ghost', 1),
('ice', 'dragon', 2),
('ice', 'dark', 1),
('ice', 'steel', 0.5),
('ice', 'fairy', 1);

-- Fighting type interactions
INSERT INTO typeeffective (attackingtype, defendingtype, damagemultiplier) VALUES
('fighting', 'normal', 2),
('fighting', 'fire', 1),
('fighting', 'water', 1),
('fighting', 'electric', 1),
('fighting', 'grass', 1),
('fighting', 'ice', 1),
('fighting', 'fighting', 1),
('fighting', 'poison', 0.5),
('fighting', 'ground', 1),
('fighting', 'flying', 2),
('fighting', 'psychic', 0.5),
('fighting', 'bug', 0.5),
('fighting', 'rock', 2),
('fighting', 'ghost', 0),
('fighting', 'dragon', 1),
('fighting', 'dark', 2),
('fighting', 'steel', 2),
('fighting', 'fairy', 0.5);

-- Poison type interactions
INSERT INTO typeeffective (attackingtype, defendingtype, damagemultiplier) VALUES
('poison', 'normal', 1),
('poison', 'fire', 1),
('poison', 'water', 1),
('poison', 'electric', 1),
('poison', 'grass', 2),
('poison', 'ice', 1),
('poison', 'fighting', 1),
('poison', 'poison', 0.5),
('poison', 'ground', 0.5),
('poison', 'flying', 1),
('poison', 'psychic', 1),
('poison', 'bug', 1),
('poison', 'rock', 1),
('poison', 'ghost', 1),
('poison', 'dragon', 1),
('poison', 'dark', 1),
('poison', 'steel', 1),
('poison', 'fairy', 2);

-- Ground type interactions
INSERT INTO typeeffective (attackingtype, defendingtype, damagemultiplier) VALUES
('ground', 'normal', 1),
('ground', 'fire', 2),
('ground', 'water', 1),
('ground', 'electric', 2),
('ground', 'grass', 0.5),
('ground', 'ice', 1),
('ground', 'fighting', 1),
('ground', 'poison', 2),
('ground', 'ground', 1),
('ground', 'flying', 0),
('ground', 'psychic', 1),
('ground', 'bug', 1),
('ground', 'rock', 2),
('ground', 'ghost', 1),
('ground', 'dragon', 1),
('ground', 'dark', 1),
('ground', 'steel', 2),
('ground', 'fairy', 1);

-- Flying type interactions
INSERT INTO typeeffective (attackingtype, defendingtype, damagemultiplier) VALUES
('flying', 'normal', 1),
('flying', 'fire', 1),
('flying', 'water', 1),
('flying', 'electric', 0.5),
('flying', 'grass', 2),
('flying', 'ice', 1),
('flying', 'fighting', 0.5),
('flying', 'poison', 1),
('flying', 'ground', 1),
('flying', 'flying', 1),
('flying', 'psychic', 1),
('flying', 'bug', 2),
('flying', 'rock', 0.5),
('flying', 'ghost', 1),
('flying', 'dragon', 1),
('flying', 'dark', 1),
('flying', 'steel', 0.5),
('flying', 'fairy', 1);

-- Psychic type interactions
INSERT INTO typeeffective (attackingtype, defendingtype, damagemultiplier) VALUES
('psychic', 'normal', 1),
('psychic', 'fire', 1),
('psychic', 'water', 1),
('psychic', 'electric', 1),
('psychic', 'grass', 1),
('psychic', 'ice', 1),
('psychic', 'fighting', 2),
('psychic', 'poison', 2),
('psychic', 'ground', 1),
('psychic', 'flying', 1),
('psychic', 'psychic', 0.5),
('psychic', 'bug', 1),
('psychic', 'rock', 1),
('psychic', 'ghost', 1),
('psychic', 'dragon', 1),
('psychic', 'dark', 0),
('psychic', 'steel', 0.5),
('psychic', 'fairy', 1);

-- Bug type interactions
INSERT INTO typeeffective (attackingtype, defendingtype, damagemultiplier) VALUES
('bug', 'normal', 1),
('bug', 'fire', 0.5),
('bug', 'water', 1),
('bug', 'electric', 1),
('bug', 'grass', 2),
('bug', 'ice', 1),
('bug', 'fighting', 0.5),
('bug', 'poison', 1),
('bug', 'ground', 0.5),
('bug', 'flying', 2),
('bug', 'psychic', 2),
('bug', 'bug', 1),
('bug', 'rock', 1),
('bug', 'ghost', 1),
('bug', 'dragon', 1),
('bug', 'dark', 1),
('bug', 'steel', 1),
('bug', 'fairy', 1);

-- Rock type interactions
INSERT INTO typeeffective (attackingtype, defendingtype, damagemultiplier) VALUES
('rock', 'normal', 1),
('rock', 'fire', 2),
('rock', 'water', 1),
('rock', 'electric', 1),
('rock', 'grass', 1),
('rock', 'ice', 2),
('rock', 'fighting', 0.5),
('rock', 'poison', 1),
('rock', 'ground', 0.5),
('rock', 'flying', 2),
('rock', 'psychic', 1),
('rock', 'bug', 2),
('rock', 'rock', 1),
('rock', 'ghost', 1),
('rock', 'dragon', 1),
('rock', 'dark', 1),
('rock', 'steel', 0.5),
('rock', 'fairy', 1);

-- Ghost type interactions
INSERT INTO typeeffective (attackingtype, defendingtype, damagemultiplier) VALUES
('ghost', 'normal', 0),
('ghost', 'fire', 1),
('ghost', 'water', 1),
('ghost', 'electric', 1),
('ghost', 'grass', 1),
('ghost', 'ice', 1),
('ghost', 'fighting', 1),
('ghost', 'poison', 1),
('ghost', 'ground', 1),
('ghost', 'flying', 1),
('ghost', 'psychic', 2),
('ghost', 'bug', 1),
('ghost', 'rock', 1),
('ghost', 'ghost', 2),
('ghost', 'dragon', 1),
('ghost', 'dark', 0.5),
('ghost', 'steel', 1),
('ghost', 'fairy', 1);

-- Dragon type interactions
INSERT INTO typeeffective (attackingtype, defendingtype, damagemultiplier) VALUES
('dragon', 'normal', 1),
('dragon', 'fire', 1),
('dragon', 'water', 1),
('dragon', 'electric', 1),
('dragon', 'grass', 1),
('dragon', 'ice', 1),
('dragon', 'fighting', 1),
('dragon', 'poison', 1),
('dragon', 'ground', 1),
('dragon', 'flying', 1),
('dragon', 'psychic', 1),
('dragon', 'bug', 1),
('dragon', 'rock', 1),
('dragon', 'ghost', 1),
('dragon', 'dragon', 2),
('dragon', 'dark', 1),
('dragon', 'steel', 0.5),
('dragon', 'fairy', 0);

-- Dark type interactions
INSERT INTO typeeffective (attackingtype, defendingtype, damagemultiplier) VALUES
('dark', 'normal', 1),
('dark', 'fire', 1),
('dark', 'water', 1),
('dark', 'electric', 1),
('dark', 'grass', 1),
('dark', 'ice', 1),
('dark', 'fighting', 0.5),
('dark', 'poison', 1),
('dark', 'ground', 1),
('dark', 'flying', 1),
('dark', 'psychic', 2),
('dark', 'bug', 1),
('dark', 'rock', 1),
('dark', 'ghost', 2),
('dark', 'dragon', 1),
('dark', 'dark', 0.5),
('dark', 'steel', 1),
('dark', 'fairy', 2);

-- Steel type interactions
INSERT INTO typeeffective (attackingtype, defendingtype, damagemultiplier) VALUES
('steel', 'normal', 1),
('steel', 'fire', 0.5),
('steel', 'water', 0.5),
('steel', 'electric', 0.5),
('steel', 'grass', 1),
('steel', 'ice', 2),
('steel', 'fighting', 1),
('steel', 'poison', 1),
('steel', 'ground', 1),
('steel', 'flying', 1),
('steel', 'psychic', 1),
('steel', 'bug', 1),
('steel', 'rock', 2),
('steel', 'ghost', 1),
('steel', 'dragon', 1),
('steel', 'dark', 1),
('steel', 'steel', 0.5),
('steel', 'fairy', 2);

-- Fairy type interactions
INSERT INTO typeeffective (attackingtype, defendingtype, damagemultiplier) VALUES
('fairy', 'normal', 1),
('fairy', 'fire', 0.5),
('fairy', 'water', 1),
('fairy', 'electric', 1),
('fairy', 'grass', 1),
('fairy', 'ice', 1),
('fairy', 'fighting', 2),
('fairy', 'poison', 0.5),
('fairy', 'ground', 1),
('fairy', 'flying', 1),
('fairy', 'psychic', 1),
('fairy', 'bug', 1),
('fairy', 'rock', 1),
('fairy', 'ghost', 1),
('fairy', 'dragon', 0),
('fairy', 'dark', 0.5),
('fairy', 'steel', 0.5),
('fairy', 'fairy', 1);







