CREATE TABLE pokemon (
	pokedex_id INTEGER PRIMARY KEY,
	name TEXT NOT NULL UNIQUE,
	type1 TEXT NOT NULL,
	type2 TEXT,
	bst INTEGER NOT NULL,
	hit_points INTEGER NOT NULL,
	attack INTEGER NOT NULL,
	special_attack INTEGER NOT NULL,
	defense INTEGER NOT NULL,
	special_defense INTEGER NOT NULL,
	speed INTEGER NOT NULL
);

CREATE TABLE moves (
	name TEXT PRIMARY KEY,
	physical BOOLEAN NOT NULL,
	moveType TEXT NOT NULL,
	pow INTEGER NOT NULL,
	hit_chance INTEGER,
	secondary TEXT,
	priority INTEGER
);

CREATE TABLE canlearn (
	pokemon_id INTEGER,
	move TEXT,
	PRIMARY KEY (pokemon_id, move_name),
	FOREIGN KEY (pokemon_id) REFERENCES pokemon(pokedex_id),
	FOREIGN KEY (move) REFERENCES moves(name)
);

CREATE TABLE specificpokemon (
	pokemon_id INTEGER PRIMARY KEY,
	pokedex_id INTEGER,
	move1 TEXT,
	move2 TEXT,
	move3 TEXT,
	move4 TEXT,
	FOREIGN KEY (pokedex_id) REFERENCES pokemon(pokedex_id),
	FOREIGN KEY (move1) REFERENCES moves(name),
	FOREIGN KEY (move2) REFERENCES moves(name),
	FOREIGN KEY (move3) REFERENCES moves(name),
	FOREIGN KEY (move4) REFERENCES moves(name)
);

CREATE TABLE team (
	teamid INTEGER PRIMARY KEY,
	poke1 INTEGER,
	poke2 INTEGER,
	poke3 INTEGER,
	poke4 INTEGER,
	poke5 INTEGER,
	poke6 INTEGER,
	FOREIGN KEY (poke1) REFERENCES specificpokemon(pokemon_id),
	FOREIGN KEY (poke2) REFERENCES specificpokemon(pokemon_id),
	FOREIGN KEY (poke3) REFERENCES specificpokemon(pokemon_id),
	FOREIGN KEY (poke4) REFERENCES specificpokemon(pokemon_id),
	FOREIGN KEY (poke5) REFERENCES specificpokemon(pokemon_id),
	FOREIGN KEY (poke6) REFERENCES specificpokemon(pokemon_id)
);

CREATE TABLE types (
	typename TEXT PRIMARY KEY
);

CREATE TABLE typeeffective (
	attackingtype TEXT,
	defendingtype TEXT,
	damagemultiplier INTEGER NOT NULL,
	PRIMARY KEY (attackingtype, defendingtype),
	FOREIGN KEY (attackingtype) REFERENCES types(typename),
	FOREIGN KEY (defendingtype) REFERENCES types(typename)
);

INSERT INTO pokemon (pokedex_id, name, type1, type2, bst, hit_points, attack, special_attack, defense, special_defense, speed) VALUES
(1,'Bulbasaur','Grass','Poison',318,45,49,65,49,65,45),
(2,'Ivysaur','Grass','Poison',405,60,62,80,63,80,60),
(3,'Venusaur','Grass','Poison',525,80,82,100,83,100,80),
(4,'Charmander','Fire',NULL,309,39,52,60,43,50,65),
(5,'Charmeleon','Fire',NULL,405,58,64,80,58,65,80),
(6,'Charizard','Fire','Flying',534,78,84,109,78,85,100),
(7,'Squirtle','Water',NULL,314,44,48,50,65,64,43),
(8,'Wartortle','Water',NULL,405,59,63,65,80,80,58),
(9,'Blastoise','Water',NULL,530,79,83,85,100,105,78),
(10,'Caterpie','Bug',NULL,195,45,30,20,35,20,45),
(11,'Metapod','Bug',NULL,205,50,20,25,55,25,30),
(12,'Butterfree','Bug','Flying',395,60,45,90,50,80,70),
(13,'Weedle','Bug','Poison',195,40,35,20,30,20,50),
(14,'Kakuna','Bug','Poison',205,45,25,25,50,25,35),
(15,'Beedrill','Bug','Poison',395,65,90,45,40,80,75),
(16,'Pidgey','Normal','Flying',251,40,45,35,40,35,56),
(17,'Pidgeotto','Normal','Flying',349,63,60,50,55,50,71),
(18,'Pidgeot','Normal','Flying',479,83,80,70,75,70,101),
(19,'Rattata','Normal',NULL,253,30,56,25,35,35,72),
(20,'Raticate','Normal',NULL,413,55,81,50,60,70,97),
(21,'Spearow','Normal','Flying',262,40,60,31,30,31,70),
(22,'Fearow','Normal','Flying',442,65,90,61,65,61,100),
(23,'Ekans','Poison',NULL,288,35,60,40,44,54,55),
(24,'Arbok','Poison',NULL,448,60,95,65,69,79,80),
(25,'Pikachu','Electric',NULL,320,35,55,50,40,50,90),
(26,'Raichu','Electric',NULL,485,60,90,90,55,80,110),
(27,'Sandshrew','Ground',NULL,300,50,75,20,85,30,40),
(28,'Sandslash','Ground',NULL,450,75,100,45,110,55,65),
(29,'Nidoran♀','Poison',NULL,275,55,47,40,52,40,41),
(30,'Nidorina','Poison',NULL,365,70,62,55,67,55,56),
(31,'Nidoqueen','Poison','Ground',505,90,92,75,87,85,76),
(32,'Nidoran♂','Poison',NULL,273,46,57,40,40,40,50),
(33,'Nidorino','Poison',NULL,365,61,72,55,57,55,65),
(34,'Nidoking','Poison','Ground',505,81,102,85,77,75,85),
(35,'Clefairy','Fairy',NULL,323,70,45,60,48,65,35),
(36,'Clefable','Fairy',NULL,483,95,70,95,73,90,60),
(37,'Vulpix','Fire',NULL,299,38,41,50,40,65,65),
(38,'Ninetales','Fire',NULL,505,73,76,81,75,100,100),
(39,'Jigglypuff','Normal','Fairy',270,115,45,45,20,25,20),
(40,'Wigglytuff','Normal','Fairy',435,140,70,85,45,50,45),
(41,'Zubat','Poison','Flying',245,40,45,30,35,40,55),
(42,'Golbat','Poison','Flying',455,75,80,65,70,75,90),
(43,'Oddish','Grass','Poison',320,45,50,75,55,65,30),
(44,'Gloom','Grass','Poison',395,60,65,85,70,75,40),
(45,'Vileplume','Grass','Poison',490,75,80,110,85,90,50),
(46,'Paras','Bug','Grass',285,35,70,45,55,55,25),
(47,'Parasect','Bug','Grass',405,60,95,60,80,80,30),
(48,'Venonat','Bug','Poison',305,60,55,40,50,55,45),
(49,'Venomoth','Bug','Poison',450,70,65,90,60,75,90),
(50,'Diglett','Ground',NULL,265,10,55,35,25,45,95),
(51,'Dugtrio','Ground',NULL,425,35,100,50,50,70,120),
(52,'Meowth','Normal',NULL,290,40,45,40,35,40,90),
(53,'Persian','Normal',NULL,440,65,70,65,60,65,115),
(54,'Psyduck','Water',NULL,320,50,52,65,48,50,55),
(55,'Golduck','Water',NULL,500,80,82,95,78,80,85),
(56,'Mankey','Fighting',NULL,305,40,80,35,35,45,70),
(57,'Primeape','Fighting',NULL,455,65,105,60,60,70,95),
(58,'Growlithe','Fire',NULL,350,55,70,70,45,50,60),
(59,'Arcanine','Fire',NULL,555,90,110,100,80,80,95),
(60,'Poliwag','Water',NULL,300,40,50,40,40,40,90),
(61,'Poliwhirl','Water',NULL,385,65,65,50,65,50,90),
(62,'Poliwrath','Water','Fighting',510,90,95,70,95,90,70),
(63,'Abra','Psychic',NULL,310,25,20,105,15,55,90),
(64,'Kadabra','Psychic',NULL,400,40,35,120,30,70,105),
(65,'Alakazam','Psychic',NULL,500,55,50,135,45,95,120),
(66,'Machop','Fighting',NULL,305,70,80,35,50,35,35),
(67,'Machoke','Fighting',NULL,405,80,100,50,70,60,45),
(68,'Machamp','Fighting',NULL,505,90,130,65,80,85,55),
(69,'Bellsprout','Grass','Poison',300,50,75,70,35,30,40),
(70,'Weepinbell','Grass','Poison',390,65,90,85,50,45,55),
(71,'Victreebel','Grass','Poison',490,80,105,100,65,70,70),
(72,'Tentacool','Water','Poison',335,40,40,50,35,100,70),
(73,'Tentacruel','Water','Poison',515,80,70,80,65,120,100),
(74,'Geodude','Rock','Ground',300,40,80,30,100,30,20),
(75,'Graveler','Rock','Ground',390,55,95,45,115,45,35),
(76,'Golem','Rock','Ground',495,80,120,55,130,65,45),
(77,'Ponyta','Fire',NULL,410,50,85,65,55,65,90),
(78,'Rapidash','Fire',NULL,500,65,100,80,70,80,105),
(79,'Slowpoke','Water','Psychic',315,90,65,40,65,40,15),
(80,'Slowbro','Water','Psychic',490,95,75,100,110,80,30),
(81,'Magnemite','Electric','Steel',325,25,35,95,70,55,45),
(82,'Magneton','Electric','Steel',465,50,60,120,95,70,70),
(83,'Farfetch''d','Normal','Flying',377,52,90,58,55,62,60),
(84,'Doduo','Normal','Flying',310,35,85,35,45,35,75),
(85,'Dodrio','Normal','Flying',470,60,110,60,70,60,110),
(86,'Seel','Water',NULL,325,65,45,45,55,70,45),
(87,'Dewgong','Water','Ice',475,90,70,70,80,95,70),
(88,'Grimer','Poison',NULL,325,80,80,40,50,50,25),
(89,'Muk','Poison',NULL,500,105,105,65,75,100,50),
(90,'Shellder','Water',NULL,305,30,65,45,100,25,40),
(91,'Cloyster','Water','Ice',525,50,95,85,180,45,70),
(92,'Gastly','Ghost','Poison',310,30,35,100,30,35,80),
(93,'Haunter','Ghost','Poison',405,45,50,115,45,55,95),
(94,'Gengar','Ghost','Poison',500,60,65,130,60,75,110),
(95,'Onix','Rock','Ground',385,35,45,30,160,45,70),
(96,'Drowzee','Psychic',NULL,328,60,48,43,45,90,42),
(97,'Hypno','Psychic',NULL,483,85,73,73,70,115,67),
(98,'Krabby','Water',NULL,325,30,105,25,90,25,50),
(99,'Kingler','Water',NULL,475,55,130,50,115,50,75),
(100,'Voltorb','Electric',NULL,330,40,30,55,50,55,100),
(101,'Electrode','Electric',NULL,490,60,50,80,70,80,150),
(102,'Exeggcute','Grass','Psychic',325,60,40,60,80,45,40),
(103,'Exeggutor','Grass','Psychic',530,95,95,125,85,75,55),
(104,'Cubone','Ground',NULL,320,50,50,40,95,50,35),
(105,'Marowak','Ground',NULL,425,60,80,50,110,80,45),
(106,'Hitmonlee','Fighting',NULL,455,50,120,35,53,110,87),
(107,'Hitmonchan','Fighting',NULL,455,50,105,35,79,110,76),
(108,'Lickitung','Normal',NULL,385,90,55,60,75,75,30),
(109,'Koffing','Poison',NULL,340,40,65,60,95,45,35),
(110,'Weezing','Poison',NULL,490,65,90,85,120,70,60),
(111,'Rhyhorn','Ground','Rock',345,80,85,30,95,30,25),
(112,'Rhydon','Ground','Rock',485,105,130,45,120,45,40),
(113,'Chansey','Normal',NULL,450,250,5,35,5,105,50),
(114,'Tangela','Grass',NULL,435,65,55,100,115,40,60),
(115,'Kangaskhan','Normal',NULL,490,105,95,40,80,80,90),
(116,'Horsea','Water',NULL,295,30,40,70,70,25,60),
(117,'Seadra','Water',NULL,440,55,65,95,95,45,85),
(118,'Goldeen','Water',NULL,320,45,67,35,60,50,63),
(119,'Seaking','Water',NULL,450,80,92,65,65,80,68),
(120,'Staryu','Water',NULL,340,30,45,70,55,55,85),
(121,'Starmie','Water','Psychic',520,60,75,100,85,85,115),
(122,'Mr. Mime','Psychic','Fairy',460,40,45,100,65,120,90),
(123,'Scyther','Bug','Flying',500,70,110,55,80,80,105),
(124,'Jynx','Ice','Psychic',455,65,50,115,35,95,95),
(125,'Electabuzz','Electric',NULL,490,65,83,95,57,85,105),
(126,'Magmar','Fire',NULL,495,65,95,100,57,85,93),
(127,'Pinsir','Bug',NULL,500,65,125,55,100,70,85),
(128,'Tauros','Normal',NULL,490,75,100,40,95,70,110),
(129,'Magikarp','Water',NULL,200,20,10,15,55,20,80),
(130,'Gyarados','Water','Flying',540,95,125,60,79,100,81),
(131,'Lapras','Water','Ice',535,130,85,85,80,95,60),
(132,'Ditto','Normal',NULL,288,48,48,48,48,48,48),
(133,'Eevee','Normal',NULL,325,55,55,45,50,65,55),
(134,'Vaporeon','Water',NULL,525,130,65,110,60,95,65),
(135,'Jolteon','Electric',NULL,525,65,65,110,60,95,130),
(136,'Flareon','Fire',NULL,525,65,130,95,60,110,65),
(137,'Porygon','Normal',NULL,395,65,60,85,70,75,40),
(138,'Omanyte','Rock','Water',355,35,40,90,100,55,35),
(139,'Omastar','Rock','Water',495,70,60,115,125,70,55),
(140,'Kabuto','Rock','Water',355,30,80,55,90,45,55),
(141,'Kabutops','Rock','Water',495,60,115,65,105,70,80),
(142,'Aerodactyl','Rock','Flying',515,80,105,60,65,75,130),
(143,'Snorlax','Normal',NULL,540,160,110,65,65,110,30),
(144,'Articuno','Ice','Flying',580,90,85,95,100,125,85),
(145,'Zapdos','Electric','Flying',580,90,90,125,85,90,100),
(146,'Moltres','Fire','Flying',580,90,100,125,90,85,90),
(147,'Dratini','Dragon',NULL,300,41,64,50,45,50,50),
(148,'Dragonair','Dragon',NULL,420,61,84,70,65,70,70),
(149,'Dragonite','Dragon','Flying',600,91,134,100,95,100,80),
(150,'Mewtwo','Psychic',NULL,680,106,110,154,90,90,130),
(151,'Mew','Psychic',NULL,600,100,100,100,100,100,100);


INSERT INTO types(typename) VALUES
('normal'),
('fire'),
('water'),
('electric'),
('grass'),
('ice'),
('fighting'),
('poison'),
('ground'),
('flying'),
('psychic'),
('bug'),
('rock'),
('ghost'),
('dragon'),
('dark'),
('steel'),
('fairy');


-- Normal type interactions
INSERT INTO typeeffective (attackingtype, defendingtype, damagemultiplier) VALUES
('normal', 'normal', 1),
('normal', 'fire', 1),
('normal', 'water', 1),
('normal', 'electric', 1),
('normal', 'grass', 1),
('normal', 'ice', 1),
('normal', 'fighting', 2),
('normal', 'poison', 1),
('normal', 'ground', 1),
('normal', 'flying', 1),
('normal', 'psychic', 1),
('normal', 'bug', 1),
('normal', 'rock', 0.5),
('normal', 'ghost', 0),
('normal', 'dragon', 1),
('normal', 'dark', 1),
('normal', 'steel', 0.5),
('normal', 'fairy', 1);

-- Fire type interactions
INSERT INTO typeeffective (attackingtype, defendingtype, damagemultiplier) VALUES
('fire', 'normal', 1),
('fire', 'fire', 0.5),
('fire', 'water', 0.5),
('fire', 'electric', 1),
('fire', 'grass', 2),
('fire', 'ice', 2),
('fire', 'fighting', 1),
('fire', 'poison', 1),
('fire', 'ground', 1),
('fire', 'flying', 1),
('fire', 'psychic', 1),
('fire', 'bug', 2),
('fire', 'rock', 0.5),
('fire', 'ghost', 1),
('fire', 'dragon', 0.5),
('fire', 'dark', 1),
('fire', 'steel', 2),
('fire', 'fairy', 1);

-- Water type interactions
INSERT INTO typeeffective (attackingtype, defendingtype, damagemultiplier) VALUES
('water', 'normal', 1),
('water', 'fire', 2),
('water', 'water', 0.5),
('water', 'electric', 1),
('water', 'grass', 0.5),
('water', 'ice', 1),
('water', 'fighting', 1),
('water', 'poison', 1),
('water', 'ground', 2),
('water', 'flying', 1),
('water', 'psychic', 1),
('water', 'bug', 1),
('water', 'rock', 2),
('water', 'ghost', 1),
('water', 'dragon', 0.5),
('water', 'dark', 1),
('water', 'steel', 1),
('water', 'fairy', 1);

-- Electric type interactions
INSERT INTO typeeffective (attackingtype, defendingtype, damagemultiplier) VALUES
('electric', 'normal', 1),
('electric', 'fire', 1),
('electric', 'water', 2),
('electric', 'electric', 0.5),
('electric', 'grass', 0.5),
('electric', 'ice', 1),
('electric', 'fighting', 1),
('electric', 'poison', 1),
('electric', 'ground', 0),
('electric', 'flying', 2),
('electric', 'psychic', 1),
('electric', 'bug', 1),
('electric', 'rock', 1),
('electric', 'ghost', 1),
('electric', 'dragon', 0.5),
('electric', 'dark', 1),
('electric', 'steel', 1),
('electric', 'fairy', 1);

-- Grass type interactions
INSERT INTO typeeffective (attackingtype, defendingtype, damagemultiplier) VALUES
('grass', 'normal', 1),
('grass', 'fire', 0.5),
('grass', 'water', 2),
('grass', 'electric', 2),
('grass', 'grass', 0.5),
('grass', 'ice', 2),
('grass', 'fighting', 1),
('grass', 'poison', 0.5),
('grass', 'ground', 2),
('grass', 'flying', 0.5),
('grass', 'psychic', 1),
('grass', 'bug', 0.5),
('grass', 'rock', 2),
('grass', 'ghost', 1),
('grass', 'dragon', 0.5),
('grass', 'dark', 1),
('grass', 'steel', 0.5),
('grass', 'fairy', 1);

-- Ice type interactions
INSERT INTO typeeffective (attackingtype, defendingtype, damagemultiplier) VALUES
('ice', 'normal', 1),
('ice', 'fire', 0.5),
('ice', 'water', 0.5),
('ice', 'electric', 1),
('ice', 'grass', 1),
('ice', 'ice', 0.5),
('ice', 'fighting', 1),
('ice', 'poison', 1),
('ice', 'ground', 1),
('ice', 'flying', 2),
('ice', 'psychic', 1),
('ice', 'bug', 1),
('ice', 'rock', 1),
('ice', 'ghost', 1),
('ice', 'dragon', 2),
('ice', 'dark', 1),
('ice', 'steel', 0.5),
('ice', 'fairy', 1);

-- Fighting type interactions
INSERT INTO typeeffective (attackingtype, defendingtype, damagemultiplier) VALUES
('fighting', 'normal', 2),
('fighting', 'fire', 1),
('fighting', 'water', 1),
('fighting', 'electric', 1),
('fighting', 'grass', 1),
('fighting', 'ice', 1),
('fighting', 'fighting', 1),
('fighting', 'poison', 0.5),
('fighting', 'ground', 1),
('fighting', 'flying', 2),
('fighting', 'psychic', 0.5),
('fighting', 'bug', 0.5),
('fighting', 'rock', 2),
('fighting', 'ghost', 0),
('fighting', 'dragon', 1),
('fighting', 'dark', 2),
('fighting', 'steel', 2),
('fighting', 'fairy', 0.5);

-- Poison type interactions
INSERT INTO typeeffective (attackingtype, defendingtype, damagemultiplier) VALUES
('poison', 'normal', 1),
('poison', 'fire', 1),
('poison', 'water', 1),
('poison', 'electric', 1),
('poison', 'grass', 2),
('poison', 'ice', 1),
('poison', 'fighting', 1),
('poison', 'poison', 0.5),
('poison', 'ground', 0.5),
('poison', 'flying', 1),
('poison', 'psychic', 1),
('poison', 'bug', 1),
('poison', 'rock', 1),
('poison', 'ghost', 1),
('poison', 'dragon', 1),
('poison', 'dark', 1),
('poison', 'steel', 1),
('poison', 'fairy', 2);

-- Ground type interactions
INSERT INTO typeeffective (attackingtype, defendingtype, damagemultiplier) VALUES
('ground', 'normal', 1),
('ground', 'fire', 2),
('ground', 'water', 1),
('ground', 'electric', 2),
('ground', 'grass', 0.5),
('ground', 'ice', 1),
('ground', 'fighting', 1),
('ground', 'poison', 2),
('ground', 'ground', 1),
('ground', 'flying', 0),
('ground', 'psychic', 1),
('ground', 'bug', 1),
('ground', 'rock', 2),
('ground', 'ghost', 1),
('ground', 'dragon', 1),
('ground', 'dark', 1),
('ground', 'steel', 2),
('ground', 'fairy', 1);

-- Flying type interactions
INSERT INTO typeeffective (attackingtype, defendingtype, damagemultiplier) VALUES
('flying', 'normal', 1),
('flying', 'fire', 1),
('flying', 'water', 1),
('flying', 'electric', 0.5),
('flying', 'grass', 2),
('flying', 'ice', 1),
('flying', 'fighting', 0.5),
('flying', 'poison', 1),
('flying', 'ground', 1),
('flying', 'flying', 1),
('flying', 'psychic', 1),
('flying', 'bug', 2),
('flying', 'rock', 0.5),
('flying', 'ghost', 1),
('flying', 'dragon', 1),
('flying', 'dark', 1),
('flying', 'steel', 0.5),
('flying', 'fairy', 1);

-- Psychic type interactions
INSERT INTO typeeffective (attackingtype, defendingtype, damagemultiplier) VALUES
('psychic', 'normal', 1),
('psychic', 'fire', 1),
('psychic', 'water', 1),
('psychic', 'electric', 1),
('psychic', 'grass', 1),
('psychic', 'ice', 1),
('psychic', 'fighting', 2),
('psychic', 'poison', 2),
('psychic', 'ground', 1),
('psychic', 'flying', 1),
('psychic', 'psychic', 0.5),
('psychic', 'bug', 1),
('psychic', 'rock', 1),
('psychic', 'ghost', 1),
('psychic', 'dragon', 1),
('psychic', 'dark', 0),
('psychic', 'steel', 0.5),
('psychic', 'fairy', 1);

-- Bug type interactions
INSERT INTO typeeffective (attackingtype, defendingtype, damagemultiplier) VALUES
('bug', 'normal', 1),
('bug', 'fire', 0.5),
('bug', 'water', 1),
('bug', 'electric', 1),
('bug', 'grass', 2),
('bug', 'ice', 1),
('bug', 'fighting', 0.5),
('bug', 'poison', 1),
('bug', 'ground', 0.5),
('bug', 'flying', 2),
('bug', 'psychic', 2),
('bug', 'bug', 1),
('bug', 'rock', 1),
('bug', 'ghost', 1),
('bug', 'dragon', 1),
('bug', 'dark', 1),
('bug', 'steel', 1),
('bug', 'fairy', 1);

-- Rock type interactions
INSERT INTO typeeffective (attackingtype, defendingtype, damagemultiplier) VALUES
('rock', 'normal', 1),
('rock', 'fire', 2),
('rock', 'water', 1),
('rock', 'electric', 1),
('rock', 'grass', 1),
('rock', 'ice', 2),
('rock', 'fighting', 0.5),
('rock', 'poison', 1),
('rock', 'ground', 0.5),
('rock', 'flying', 2),
('rock', 'psychic', 1),
('rock', 'bug', 2),
('rock', 'rock', 1),
('rock', 'ghost', 1),
('rock', 'dragon', 1),
('rock', 'dark', 1),
('rock', 'steel', 0.5),
('rock', 'fairy', 1);

-- Ghost type interactions
INSERT INTO typeeffective (attackingtype, defendingtype, damagemultiplier) VALUES
('ghost', 'normal', 0),
('ghost', 'fire', 1),
('ghost', 'water', 1),
('ghost', 'electric', 1),
('ghost', 'grass', 1),
('ghost', 'ice', 1),
('ghost', 'fighting', 1),
('ghost', 'poison', 1),
('ghost', 'ground', 1),
('ghost', 'flying', 1),
('ghost', 'psychic', 2),
('ghost', 'bug', 1),
('ghost', 'rock', 1),
('ghost', 'ghost', 2),
('ghost', 'dragon', 1),
('ghost', 'dark', 0.5),
('ghost', 'steel', 1),
('ghost', 'fairy', 1);

-- Dragon type interactions
INSERT INTO typeeffective (attackingtype, defendingtype, damagemultiplier) VALUES
('dragon', 'normal', 1),
('dragon', 'fire', 1),
('dragon', 'water', 1),
('dragon', 'electric', 1),
('dragon', 'grass', 1),
('dragon', 'ice', 1),
('dragon', 'fighting', 1),
('dragon', 'poison', 1),
('dragon', 'ground', 1),
('dragon', 'flying', 1),
('dragon', 'psychic', 1),
('dragon', 'bug', 1),
('dragon', 'rock', 1),
('dragon', 'ghost', 1),
('dragon', 'dragon', 2),
('dragon', 'dark', 1),
('dragon', 'steel', 0.5),
('dragon', 'fairy', 0);

-- Dark type interactions
INSERT INTO typeeffective (attackingtype, defendingtype, damagemultiplier) VALUES
('dark', 'normal', 1),
('dark', 'fire', 1),
('dark', 'water', 1),
('dark', 'electric', 1),
('dark', 'grass', 1),
('dark', 'ice', 1),
('dark', 'fighting', 0.5),
('dark', 'poison', 1),
('dark', 'ground', 1),
('dark', 'flying', 1),
('dark', 'psychic', 2),
('dark', 'bug', 1),
('dark', 'rock', 1),
('dark', 'ghost', 2),
('dark', 'dragon', 1),
('dark', 'dark', 0.5),
('dark', 'steel', 1),
('dark', 'fairy', 2);

-- Steel type interactions
INSERT INTO typeeffective (attackingtype, defendingtype, damagemultiplier) VALUES
('steel', 'normal', 1),
('steel', 'fire', 0.5),
('steel', 'water', 0.5),
('steel', 'electric', 0.5),
('steel', 'grass', 1),
('steel', 'ice', 2),
('steel', 'fighting', 1),
('steel', 'poison', 1),
('steel', 'ground', 1),
('steel', 'flying', 1),
('steel', 'psychic', 1),
('steel', 'bug', 1),
('steel', 'rock', 2),
('steel', 'ghost', 1),
('steel', 'dragon', 1),
('steel', 'dark', 1),
('steel', 'steel', 0.5),
('steel', 'fairy', 2);

-- Fairy type interactions
INSERT INTO typeeffective (attackingtype, defendingtype, damagemultiplier) VALUES
('fairy', 'normal', 1),
('fairy', 'fire', 0.5),
('fairy', 'water', 1),
('fairy', 'electric', 1),
('fairy', 'grass', 1),
('fairy', 'ice', 1),
('fairy', 'fighting', 2),
('fairy', 'poison', 0.5),
('fairy', 'ground', 1),
('fairy', 'flying', 1),
('fairy', 'psychic', 1),
('fairy', 'bug', 1),
('fairy', 'rock', 1),
('fairy', 'ghost', 1),
('fairy', 'dragon', 0),
('fairy', 'dark', 0.5),
('fairy', 'steel', 0.5),
('fairy', 'fairy', 1);







